city,district,address,latitude,longitude,latitude_gps,longitude_gps,community,avg_area,total_units,unit_price
武汉市,武昌,武昌--中北路23号,30.559117932824,114.34648889838,30.55530953171700,114.33455118734300,中国铁建1818中心,267,1268,
武汉市,武昌,武昌-东湖风景区-东湖南路18号,30.537631094784,114.38255415782,30.533711909771400,114.37056899633300,民政厅花苑小区,120,382,
武汉市,武昌,武昌-东湖风景区-东湖南路7号,30.551723,114.366226,30.547709829174900,114.35429991202400,中科院水生所宿舍区,145,1240,
武汉市,武昌,武昌-东湖风景区-东湖路,30.572319193693,114.37374546382,30.568315935998600,114.36181598391800,东湖名邸,148,880,
武汉市,武昌,武昌-东湖风景区-东湖路,30.585782198416,114.38255209172,30.581852773469700,114.37058784908700,梨园医院小区,87,240,
武汉市,武昌,武昌-东湖风景区-八一路,30.537135673093,114.37989607182,30.533186182925100,114.3679213477890,东湖村军转小区,97,540,
武汉市,武昌,武昌-东湖风景区-八一路,30.53548663377,114.37730625703,30.53151281856370,114.36533973031700,东湖村社区,103,213,
武汉市,武昌,武昌-东湖风景区-八一路463号,30.535896757764,114.37769387586,30.531926226265400,114.36572631832400,地质医院宿舍,150,103,
武汉市,武昌,武昌-东湖风景区-八一路465号,30.536064,114.379068,30.532106206821600,114.36709557506000,武大珞涵新邨小区,172,75,
武汉市,武昌,武昌-东湖风景区-天鹅路11号,30.54603545586,114.36112274429,30.542044265265800,114.3491944536040,茶港军转小区,104,304,
武汉市,武昌,武昌-东湖风景区-天鹅路1号,30.55154517279,114.36103551882,30.547554161702800,114.34911225295500,水生科技苑,67,154,
武汉市,武昌,武昌-东湖风景区-天鹅路5号,30.54825821236,114.36076953056,30.54426926995880,114.34884328560500,茶港新村东院,95,240,
武汉市,武昌,武昌-东湖风景区-植物园路11号,30.549602,114.423609,30.546240488182000,114.41149185247200,中国科学院武汉植物园小区,104,780,
武汉市,武昌,武昌-东湖风景区-沿湖大道21号,30.57231,114.378996,30.56834666084190,114.3670493083840,东湖别墅,320,150,
武汉市,武昌,武昌-东湖风景区-珞珈山路,30.540043,114.382101,30.536118104535500,114.37011981935500,风光村社区,68,350,
武汉市,武昌,武昌-东湖风景区-鲁磨路662号,30.548905,114.41388,30.545470967764000,114.40177103158900,磨山小区,98,249,
武汉市,武昌,武昌-东湖风景区-黄鹂路68号,30.570309444766,114.37331867887,30.566304587681500,114.36139004351000,东湖楚世家,240,260,
武汉市,武昌,武昌-东湖风景区-黄鹂路80号,30.568287,114.37631,30.56430144735490,114.3643718949260,黄鹂小区,73,175,
武汉市,武昌,武昌-中北路-东亭一路,30.574967778601,114.36658902314,30.570949452308900,114.35467411544800,东亭计生委宿舍,98,69,
武汉市,武昌,武昌-中北路-东亭路10号,30.576285,114.371352,30.572270271524200,114.35942860354700,东亭花园丁香苑,105,560,
武汉市,武昌,武昌-中北路-东亭路10号,30.577144,114.371642,30.573129893986600,114.35971782743700,东亭花园恒达苑,87,560,
武汉市,武昌,武昌-中北路-东亭路10号,30.575615,114.37076,30.571598831995000,114.35883797259800,东亭花园樱花苑,107,452,
武汉市,武昌,武昌-中北路-东亭路10号,30.575502,114.369589,30.571483519998700,114.35766935649600,东亭花园海棠苑,107,582,
武汉市,武昌,武昌-中北路-东亭路10号,30.576541,114.370301,30.57252341638040,114.35837985773000,东亭花园玫瑰苑,130,131,
武汉市,武昌,武昌-中北路-东亭路10号,30.576389,114.37,30.572370874857100,114.35807948379600,东亭花园碧竹苑,130,236,
武汉市,武昌,武昌-中北路-东亭路16号,30.578831582601,114.37211324271,30.574818513898,114.36018762199800,中科院测地所宿舍,100,300,
武汉市,武昌,武昌-中北路-东亭路27号,30.580322169691,114.37117442362,30.576305291859400,114.35925059815800,湖北纺织建筑设计院宿舍,130,165,
武汉市,武昌,武昌-中北路-东湖路103号,30.560533648212,114.35598749101,30.55658686770470,114.34406853530900,武汉大学高家湾社区,89,160,
武汉市,武昌,武昌-中北路-东湖路105号,30.559105943313,114.35653830051,30.555153366413600,114.34461893572700,湖北省教育厅宿舍,104,240,
武汉市,武昌,武昌-中北路-东湖路107号,30.559354042326,114.35655108788,30.555401293885300,114.3446319070690,湖北省财政厅宿舍,123,105,
武汉市,武昌,武昌-中北路-东湖路115号,30.5606,114.35613,30.556651631094600,114.34421123541600,武汉大学医学院职工宿舍,150,150,
武汉市,武昌,武昌-中北路-东湖路143号,30.564715523197,114.36642678917,30.560700252394600,114.35450969999300,十亩地小区,135,300,
武汉市,武昌,武昌-中北路-东湖路151号,30.566211,114.367299,30.56219439038110,114.35538144477600,湖北省食品药品监督管理局宿舍,100,100,
武汉市,武昌,武昌-中北路-东湖路153号,30.567185,114.367428,30.563168078367700,114.35551064138500,湖北省工商行政管理局宿舍,130,100,
武汉市,武昌,武昌-中北路-东湖路155号,30.567903,114.368124,30.563885704452900,114.35620584650100,湖北省农业银行宿舍,124,100,
武汉市,武昌,武昌-中北路-东湖路158号,30.580359090128,114.37569406813,30.57636493435520,114.3637579734240,新华社宿舍,132,320,
武汉市,武昌,武昌-中北路-东湖路158号,30.578734,114.377362,30.574753465258600,114.36542081745400,新华香樟园,152,560,
武汉市,武昌,武昌-中北路-东湖路161号,30.569888,114.36702,30.56587072489340,114.35510401541200,湖北省社会科学院西院宿舍区,103,80,
武汉市,武昌,武昌-中北路-东湖路169号,30.559631,114.358373,30.555660184563700,114.34645539085200,中南医院宿舍,80,85,
武汉市,武昌,武昌-中北路-东湖路169号,30.578716,114.374885,30.5747171106,114.3629518447,知音传媒大厦,97,150,
武汉市,武昌,武昌-中北路-东湖路173号,30.578907,114.377486,30.57492745008480,114.36554434589000,东湖区规划局宿舍,50,86,
武汉市,武昌,武昌-中北路-东湖路173号,30.574676,114.373206,30.570669230357100,114.36127810147500,楚天丽园,68,103,
武汉市,武昌,武昌-中北路-东湖路183号,30.577994,114.37633,30.57400547534870,114.36439245373400,少儿出版社宿舍,79,98,
武汉市,武昌,武昌-中北路-东湖路187号,30.578964,114.377262,30.574982529922000,114.36532110907600,公安局宿舍(东湖路),74,100,
武汉市,武昌,武昌-中北路-东湖路328号,30.570423,114.368055,30.56640503955840,114.3561376339780,东湖香榭水岸,208,580,
武汉市,武昌,武昌-中北路-中北路,30.571777310321,114.35701039149,30.567817054313500,114.34509697904300,中北路农行宿舍,120,140,
武汉市,武昌,武昌-中北路-中北路,30.572991277185,114.35677961681,30.56903303970270,114.34486613051400,水果湖街青鱼嘴社区,90,320,
武汉市,武昌,武昌-中北路-中北路,30.575697986357,114.35954379269,30.5717131593121,114.34763201364000,电车宿舍,90,250,
武汉市,武昌,武昌-中北路-中北路101号,30.557796,114.344452,30.55402419339470,114.33250788753700,海山金谷,96,436,
武汉市,武昌,武昌-中北路-中北路115号,30.561858,114.346133,30.55805540528770,114.33419614090000,安顺星苑,86,659,
武汉市,武昌,武昌-中北路-中北路122号,30.568368140038,114.36168589201,30.564370350780900,114.34977341465800,伟鹏苑,160,396,
武汉市,武昌,武昌-中北路-中北路122号,30.570360283677,114.35905080263,30.56638125173860,114.3471384553740,天源城,130,700,
武汉市,武昌,武昌-中北路-中北路126号,30.569037,114.364924,30.5650242045,114.3530100994,锦绣江南,200,3520,
武汉市,武昌,武昌-中北路-中北路129-7号,30.565255,114.350454,30.56138065623560,114.33852901670400,九天公寓,78,230,
武汉市,武昌,武昌-中北路-中北路130号,30.572919,114.360665,30.568926634131800,114.34875343699300,中北春天,95,140,
武汉市,武昌,武昌-中北路-中北路131号,30.561941335298,114.34835279248,30.558100902955900,114.33642147721400,同成富苑,104,520,
武汉市,武昌,武昌-中北路-中北路132号,30.571974,114.361008,30.56797956301180,114.34909635597200,锦绣中北,125,320,
武汉市,武昌,武昌-中北路-中北路135号,30.564924,114.349863,30.561058815917500,114.33793663737300,广厦中北领秀,59,236,
武汉市,武昌,武昌-中北路-中北路148号,30.571197,114.358404,30.5672234185,114.3464914882,东沙大厦,74,533,
武汉市,武昌,武昌-中北路-中北路148号,30.577981,114.364201,30.5739677253,114.3522880745,保利新奥园,183,652,
武汉市,武昌,武昌-中北路-中北路149号,30.56484876927,114.35302299299,30.560937689221900,114.34110250497000,楚汉新居,68,420,
武汉市,武昌,武昌-中北路-中北路151号,30.578685,114.361692,30.57468379409820,114.3497799813470,世纪彩城,140,1000,
武汉市,武昌,武昌-中北路-中北路160-1号,30.580216,114.366261,30.576196159198700,114.3543456030590,武重明珠苑,85,450,
武汉市,武昌,武昌-中北路-中北路171号,30.56473,114.346541,30.56091973235610,114.33460673903400,万达御湖壹号,240,530,
武汉市,武昌,武昌-中北路-中北路171号,30.564875,114.347714,30.561044639480600,114.33578272984400,汉街壹号公馆,190,420,
武汉市,武昌,武昌-中北路-中北路213号,30.571844,114.356342,30.567890783230200,114.34442798243000,新安金沙豪庭,300,300,
武汉市,武昌,武昌-中北路-中北路229号,30.571517600107,114.3570403949,30.567557113748200,114.34512697060200,农村发展银行宿舍,90,230,
武汉市,武昌,武昌-中北路-中北路230号,30.57865,114.364288,30.574636137459600,114.35237487465000,楚天都市雅园,80,400,
武汉市,武昌,武昌-中北路-中北路24号,30.56072,114.349383,30.556863119307200,114.33745326307400,龙源国际广场,130,280,
武汉市,武昌,武昌-中北路-中北路253号,30.577110192711,114.35868537195,30.573132099929500,114.34677308597000,白玫瑰花苑,90,320,
武汉市,武昌,武昌-中北路-中北路257号,30.575126039983,114.36007325396,30.571137269295700,114.34816164760700,爱尚东亭,80,205,
武汉市,武昌,武昌-中北路-中北路259号,30.576401,114.360422,30.572409176784000,114.34851036268900,越秀星悦峰,130,870,
武汉市,武昌,武昌-中北路-中北路滨湖村2号,30.573648,114.361137,30.569652171734100,114.34922549505000,九通商厦,80,95,
武汉市,武昌,武昌-中北路-公正路,30.559936,114.32654,30.556507624775300,114.31454385285500,新长江香榭东沙,120,350,
武汉市,武昌,武昌-中北路-公正路,30.561468,114.341455,30.5577520513,114.3295046681,融创中心武汉壹号院,230,2400,
武汉市,武昌,武昌-中北路-公正路33号,30.562938295217,114.3414674604,30.559221851287600,114.32951802105800,沙湖公寓,90,450,
武汉市,武昌,武昌-中北路-兴国南路,30.563143,114.354736,30.559210341312200,114.34281713148700,武重金厦小区,140,240,
武汉市,武昌,武昌-中北路-兴国路68号,30.563961909784,114.35525106015,30.56002295053140,114.34333326589400,武重经济适用房小区,130,760,
武汉市,武昌,"武昌-中北路-兴武路,近兴国路",30.565277,114.363453,30.561270596205900,114.35153874781800,复地东湖国际,150,24000,
武汉市,武昌,武昌-中北路-友谊大道,30.579325,114.331595,30.57579794472990,114.31961749083100,徐家棚喻家湖社区医疗器械小区,70,180,
武汉市,武昌,武昌-中北路-友谊大道,30.571869,114.327513,30.568420773146500,114.31552432850500,水岸国际澜桥公馆,110,1300,
武汉市,武昌,武昌-中北路-友谊大道318号,30.576954,114.33611,30.57333911878310,114.32414698447300,梦湖水岸,140,1050,
武汉市,武昌,武昌-中北路-友谊大道336号,30.579672,114.332171,30.57613365540380,114.32019514046500,舒苑大厦,90,340,
武汉市,武昌,武昌-中北路-友谊大道338号,30.578749,114.332197,30.57521053146170,114.32022145627600,美城清芷园,120,511,
武汉市,武昌,武昌-中北路-名强街7号,30.555183,114.340555,30.551485318713300,114.32859742934600,中北路省体育局宿舍,95,150,
武汉市,武昌,武昌-中北路-团结大道,30.578508309395,114.33885195408,30.57483843882410,114.32689729937500,水岸国际沙湖公馆,140,750,
武汉市,武昌,武昌-中北路-团结大道,30.589166501691,114.35570524342,30.585212917806600,114.3437851412230,远洋宿舍,70,320,
武汉市,武昌,"武昌-中北路-团结大道,近武汉大道",30.589367,114.356744,30.585401946299700,114.34482479970800,福星惠誉丽晶公馆,96,520,
武汉市,武昌,武昌-中北路-坨塘路,30.578371,114.365394,30.574353801924400,114.35348000209900,滨湖机械厂宿舍,100,130,
武汉市,武昌,武昌-中北路-徐东二路2号,30.580327,114.348241,30.576482994973700,114.33631235640500,水岸星城B区,110,608,
武汉市,武昌,武昌-中北路-徐东二路2号,30.579589,114.349364,30.575727118026600,114.33743812640300,水岸星城B区别墅,350,250,
武汉市,武昌,武昌-中北路-徐东大街,30.581042154528,114.37482729315,30.57704191826650,114.36289363990400,东湖中学教师宿舍,108,230,
武汉市,武昌,武昌-中北路-徐东大街,30.589045,114.357683,30.585070631015300,114.34576479634700,联发九都国际,130,320,
武汉市,武昌,武昌-中北路-徐东大街122号,30.587859862642,114.35658998451,30.583897252588600,114.34467170350800,盛世徐东,100,332,
武汉市,武昌,武昌-中北路-徐东大街136号,30.58512341744,114.35540341276,30.5811754134,114.3434855548,沙湖花园,75,850,
武汉市,武昌,武昌-中北路-徐东大街150号,30.586449,114.357082,30.58248199736030,114.34516506083000,兴华嘉天下,80,1118,
武汉市,武昌,武昌-中北路-徐东大街28号,30.583759,114.353702,30.57983254402720,114.34178258441900,水岸星城A区,110,500,
武汉市,武昌,武昌-中北路-徐东大街28号,30.587217,114.359482,30.58322755752240,114.34756599692400,福星惠誉国际城,95,3460,
武汉市,武昌,武昌-中北路-徐东大街316号,30.582167,114.363592,30.578154395708300,114.35167821257500,英特小区,130,3000,
武汉市,武昌,武昌-中北路-徐东大街50号,30.581285,114.36911,30.577263620933100,114.35719002687500,东湖春树里,140,968,
武汉市,武昌,武昌-中北路-徐东大街90号,30.584584948461,114.36147245462,30.58058246457450,114.34955823740300,天梨花园,94,375,
武汉市,武昌,武昌-中北路-徐东路50号,30.581071,114.366917,30.577049848099400,114.35500051188400,普提金国际公寓,130,320,
武汉市,武昌,武昌-中北路-松竹路28号,30.563829,114.342745,30.56008800884560,114.33079982885500,万达行政公馆,150,420,
武汉市,武昌,武昌-中北路-武车路,30.577175485765,114.3338416551,30.573605450248900,114.32187148132000,沙湖金港苑,110,480,
武汉市,武昌,武昌-中北路-沙湖路,30.583502560712,114.35644248275,30.579543723388600,114.34452656231500,铂金天地,120,350,
武汉市,武昌,武昌-中北路-烟霞路,30.565970936415,114.34524303846,30.562183374748200,114.33330591530200,万达御湖世家,200,850,
武汉市,武昌,武昌-中北路-烟霞路,30.561698,114.32715,30.558258608525600,114.31515655074900,沙湖明珠,180,450,
武汉市,武昌,武昌-中北路-福星西路,30.579267,114.347528,30.575435355489600,114.33559794870600,水岸星城C区,140,580,
武汉市,武昌,武昌-中北路-福星西路,30.579404,114.347045,30.57558052175030,114.33511371810900,水岸星城C区别墅,320,128,
武汉市,武昌,武昌-中北路-秦园东路,30.577933,114.358985,30.573951981163200,114.34707272087800,水云居(秦园东路),140,244,
武汉市,武昌,武昌-中北路-翠柳街,30.576127099751,114.37440691761,30.5721262768432,114.36247559028000,湖北省文联宿舍,120,140,
武汉市,武昌,武昌-中北路-车家岭街,30.571529,114.365262,30.56751453618360,114.35334832698200,水果湖派出所宿舍,100,450,
武汉市,武昌,武昌-中北路-车家岭街,30.572874,114.361725,30.56887469054770,114.34981339927300,水果湖街滨湖社区,100,470,
武汉市,武昌,武昌-中北路-车家岭街,30.569336892771,114.36642903493,30.565320536352900,114.35451366257600,泓雅小区,100,170,
武汉市,武昌,武昌-中北路-青鱼嘴133-3号,30.570806561097,114.35499207867,30.56686902659900,114.34307638687300,青鱼咀球场小区,120,230,
武汉市,武昌,武昌-中北路-黄鹂路,30.572848,114.364921,30.568834111891600,114.35300778679200,东亭小区,130,350,
武汉市,武昌,武昌-中北路-黄鹂路,30.574343,114.366091,30.570325722300300,114.35417668848200,武汉医药设计院宿舍,100,128,
武汉市,武昌,武昌-中北路-黄鹂路2-8号,30.575431,114.363348,30.57142221086390,114.35143590018800,省购宿舍,130,240,
武汉市,武昌,武昌-中北路-黄鹂路46号,30.568896,114.368461,30.564878523838600,114.35654260679700,中国人民银行武汉分行宿舍,108,280,
武汉市,武昌,武昌-中北路-黄鹂路60号,30.571046062198,114.36880101063,30.56702817642140,114.35688253506200,湖北省社科联宿舍,70,150,
武汉市,武昌,武昌-中南丁字桥-丁字桥路,30.527848,114.337123,30.5242204743,114.3251324766,市政宿舍(丁字桥),80,320,
武汉市,武昌,武昌-中南丁字桥-丁字桥路,30.527465,114.336066,30.52385854217410,114.32407195657000,洪福楼,100,120,
武汉市,武昌,武昌-中南丁字桥-丁字桥路,30.531318,114.337669,30.527679133334100,114.32568218005600,长投珑庭,140,530,
武汉市,武昌,武昌-中南丁字桥-丁字桥路108号,30.529965420035,114.33477571317,30.52638418422320,114.32277895493500,金诺雅苑,140,248,
武汉市,武昌,武昌-中南丁字桥-丁字桥路19号,30.535601,114.341155,30.531893210885200,114.32918202579200,紫菘中南特区,114,80,
武汉市,武昌,武昌-中南丁字桥-丁字桥路25号,30.534758686591,114.34189523349,30.531036738438400,114.32992383634200,丁字桥铁路局宿舍,130,130,
武汉市,武昌,武昌-中南丁字桥-丁字桥路29号,30.534921,114.340008,30.5312355892,114.3280310009,中南财经政法大学教工宿舍,100,95,
武汉市,武昌,武昌-中南丁字桥-丁字桥路33-31号,30.534013003546,114.34099001103,30.530308567023300,114.32901533775300,湖北省油脂公司住宅区,110,140,
武汉市,武昌,武昌-中南丁字桥-丁字桥路35号,30.533207,114.339459,30.529532536803500,114.3274790480590,滨湖名都城,130,242,
武汉市,武昌,武昌-中南丁字桥-丁字桥路44号,30.534917,114.338939,30.53125259371300,114.32695868351100,中国工商银行武汉丁字桥支行宿舍,90,85,
武汉市,武昌,武昌-中南丁字桥-丁字桥路50号,30.53296,114.337268,30.529328894271400,114.32528101603300,丁字桥公寓,85,130,
武汉市,武昌,武昌-中南丁字桥-丁字桥路51号,30.529005,114.336886,30.525382002934900,114.32489533741600,弘业俊园,130,552,
武汉市,武昌,武昌-中南丁字桥-丁字桥路60号,30.529839,114.336084,30.526231820181000,114.32409128147500,丁字桥路60号小区,120,450,
武汉市,武昌,武昌-中南丁字桥-丁字桥路72号,30.529563203116,114.3352406761,30.52597280868200,114.32324514387600,康欣楼,120,140,
武汉市,武昌,武昌-中南丁字桥-丁字桥路80-附35号,30.532339,114.335068,30.52875166465980,114.32307366017800,向阳佳苑,120,225,
武汉市,武昌,武昌-中南丁字桥-丁字桥路86号,30.531111713472,114.33657591741,30.527494584441500,114.32458552288800,涂家岭社区,100,1450,
武汉市,武昌,武昌-中南丁字桥-丁字桥路97号,30.526789,114.335968,30.5231846038,114.3239733307,中国人寿单位宿舍,140,230,
武汉市,武昌,武昌-中南丁字桥-东湖路137号,30.564323,114.365412,30.560309918499800,114.35349582162300,东湖银苑小区,130,420,
武汉市,武昌,武昌-中南丁字桥-中南二路12号,30.546113,114.337834,30.542469597006200,114.32585994526300,中南新苑东区,150,300,
武汉市,武昌,武昌-中南丁字桥-付家坡一路14号,30.536854,114.335427,30.5332590786,114.3234371593,地铁紫阳城,100,1502,
武汉市,武昌,武昌-中南丁字桥-付家坡一路19号,30.538309641839,114.33787899938,30.53466589645410,114.32589808737800,中南新村(付家坡一路),90,1200,
武汉市,武昌,武昌-中南丁字桥-付家坡二路8号,30.536366,114.339011,30.532700035581600,114.32703203617300,中南路街丁字桥社区,140,320,
武汉市,武昌,武昌-中南丁字桥-付家坡二路8号,30.537837615589,114.33926382357,30.534166543002300,114.32728684737500,付加坡机械化宿舍,130,157,
武汉市,武昌,武昌-中南丁字桥-千家街109号,30.539899,114.322526,30.536538200155700,114.31050347739500,湖北省公安厅宿舍,120,97,
武汉市,武昌,武昌-中南丁字桥-宝通寺路,30.526246,114.34253,30.52251312060520,114.33055534017000,滨湖名邸二期,110,870,
武汉市,武昌,武昌-中南丁字桥-宝通寺路35号,30.531354,114.343614,30.5275999694,114.3316452352,百瑞景中央生活区,100,5800,
武汉市,武昌,武昌-中南丁字桥-宝通寺路35号,30.530348,114.344331,30.5265808483,114.3323636304,百瑞景中央生活区别墅,230,423,
武汉市,武昌,武昌-中南丁字桥-文安街,30.536169,114.335365,30.532575370879000,114.32337441546500,中南SOHO城,93,520,
武汉市,武昌,武昌-中南丁字桥-文安街,30.535424500688,114.333839589,30.53186111821610,114.32184364825500,中南六十七号院,88,230,
武汉市,武昌,武昌-中南丁字桥-梅苑路,30.541569,114.33395,30.53800294186200,114.32195957691400,付家坡长途客运站宿舍,80,158,
武汉市,武昌,武昌-中南丁字桥-武昌区武珞路与丁字桥路交汇处,30.537821186998,114.34092699633,30.534117613106100,114.32895512155600,中南国际汇,90,350,
武汉市,武昌,武昌-中南丁字桥-武珞路456号,30.53932,114.337319,30.5356872869,114.3253371873,纽宾凯新时代国际公寓,92,268,
武汉市,武昌,武昌-中南丁字桥-武珞路528号,30.537528915727,114.33828395551,30.533877212746200,114.32630366324800,银河苑公寓,70,90,
武汉市,武昌,武昌-中南丁字桥-武珞路540号,30.538399,114.339803,30.5347172915,114.3278281658,傅家坡福利社区,102,200,
武汉市,武昌,武昌-中南丁字桥-武珞路543-1号,30.538598757729,114.34547578942,30.53480999407730,114.3335176519190,洪山公寓,80,140,
武汉市,武昌,武昌-中南丁字桥-武珞路564号,30.536344,114.342551,30.532609404777000,114.33058277351300,南院小区,150,350,
武汉市,武昌,武昌-中南丁字桥-武珞路568号,30.537569,114.342693,30.53383160816480,114.3307261854760,南方帝园,150,260,
武汉市,武昌,武昌-中南丁字桥-武珞路586-14号,30.536095,114.344154,30.532330452739500,114.33219017997700,武锅社区,80,580,
武汉市,武昌,武昌-中南丁字桥-武珞路588号,30.540979848298,114.33200641694,30.53745185190940,114.3200094913550,三环集团宿舍,85,430,
武汉市,武昌,武昌-中南丁字桥-武珞路628号,30.535696,114.349283,30.531842945702500,114.3373318213570,亚贸恒升公馆,90,204,
武汉市,武昌,武昌-中南丁字桥-武莲路,30.528234599934,114.33488333017,30.524651490344700,114.32288595264600,涂家岭铁路小区,93,180,
武汉市,武昌,武昌-中南丁字桥-武莲路,30.528968895766,114.33340930066,30.52541476305520,114.32140772004000,莲溪寺社区佑泉苑小区,78,450,
武汉市,武昌,武昌-中南丁字桥-涂家岭八村38号,30.528895,114.331131,30.525385131305100,114.31912245468600,武铁向阳小区,93,230,
武汉市,武昌,武昌-中南丁字桥-珞狮南路,30.526208,114.346943,30.522395001931000,114.33498041580300,石牌岭物资处宿舍,80,370,
武汉市,武昌,武昌-中南丁字桥-瑞景路,30.527191,114.343193,30.52344545019180,114.33122069685800,滨湖名邸一期,120,317,
武汉市,武昌,武昌-中南丁字桥-石牌岭317号,30.532207,114.348216,30.52837163513670,114.33625984748000,石牌岭干休所,90,230,
武汉市,武昌,武昌-中南丁字桥-石牌岭路,30.528946,114.346428,30.525141475015000,114.3344654486650,江厦新村社区,85,310,
武汉市,武昌,武昌-中南丁字桥-石牌岭路,30.527191395602,114.34748628698,30.523368956879200,114.33552549210100,石碑岭社区,80,730,
武汉市,武昌,武昌-中南丁字桥-石牌岭路116号,30.529883,114.347544,30.52605916977960,114.33558477467200,洪山村干休所,90,224,
武汉市,武昌,武昌-中南丁字桥-石牌岭路20号,30.533304719834,114.34845726541,30.529465255551400,114.33650243490200,精典公寓小区,90,350,
武汉市,武昌,武昌-中南丁字桥-石牌岭路283号,30.526215,114.345564,30.522426174761600,114.33359784867000,鸿岭花园,90,422,
武汉市,武昌,武昌-中南丁字桥-石牌岭路80号,30.531668,114.347022,30.527852820986200,114.33506259361300,岭地金居,100,278,
武汉市,武昌,武昌-中南丁字桥-紫阳东路,30.536336740946,114.33233923913,30.532802655670400,114.3203393928900,傅家坡国土厅宿舍,120,230,
武汉市,武昌,武昌-中南丁字桥-紫阳东路12号,30.536746939077,114.33751815006,30.53311048456960,114.32553481286800,紫东馨居,150,320,
武汉市,武昌,武昌-中南丁字桥-紫阳东路81号,30.535361,114.331296,30.531847175062100,114.31929224131100,梅苑小区,130,450,
武汉市,武昌,武昌-中南丁字桥-街道口23号,30.536526,114.352853,30.532620118067400,114.34090935702900,畔山庭院,100,130,
武汉市,武昌,武昌-中南丁字桥-雄楚大街108号,30.525877,114.331402,30.5223624312,114.3193928169,世纪名苑,100,250,
武汉市,武昌,武昌-中南丁字桥-雄楚大街53号,30.526103694887,114.32762591995,30.522659500540900,114.31560607801800,超能电力宿舍,80,340,
武汉市,武昌,武昌-中南丁字桥-雄楚大道,30.52438,114.336254,30.5207703694235,114.32425927086400,楚雄公寓,74,462,
武汉市,武昌,武昌-中南丁字桥-雄楚大道,30.525629134351,114.33058601627,30.52213021850510,114.31857431265500,江宏大厦,80,100,
武汉市,武昌,武昌-中南丁字桥-雄楚大道,30.526692,114.33478,30.523111192746500,114.32278155267600,涂家岭村,94,530,
武汉市,武昌,武昌-中南丁字桥-雄楚大道131号,30.524963,114.332789,30.52142170493560,114.32078366385800,莲溪寺南村铁路小区,140,191,
武汉市,武昌,武昌-中南丁字桥-雄楚大道175号,30.524154,114.337039,30.52052881447310,114.32504666863200,丽岛2046,15,1281,
武汉市,武昌,武昌-中南丁字桥-雄楚大道177号,30.527194,114.337127,30.523566502757900,114.3251361710300,沈家湾花园小区,暂无数据,505,
武汉市,武昌,武昌-中南丁字桥-静安路,30.53632103285,114.3307863384,30.532816872421900,114.31878181766200,波光园2期,暂无数据,720,
武汉市,武昌,武昌-中南丁字桥-静安路12号,30.5327077138,114.33238307644,30.529173150536300,114.32038066146900,阳光小区(邓家湾),暂无数据,780,
武汉市,武昌,武昌-中南丁字桥-静安路6号,30.527377421834,114.32721278925,30.523940385120600,114.3151924246700,张浩湾小区,暂无数据,576,
武汉市,武昌,武昌-中南丁字桥-静安路8号,30.529527,114.328038,30.526074817593300,114.31602097210200,静安上城,135,989,
武汉市,武昌,武昌-中南丁字桥-静安路8号,30.530239,114.328521,30.5267779171,114.3165057124,静安上城(别墅),暂无数据,120,
武汉市,武昌,武昌-南湖花园-丁字桥南路410号,30.513894,114.330423,30.510401206114100,114.31840956075300,北港佳和云居,174,1560,
武汉市,武昌,武昌-南湖花园-南湖下潘息村21号,30.519014,114.321907,30.5156657133951,114.30987211570200,采荷居,暂无数据,872,
武汉市,武昌,武昌-南湖花园-南湖路,30.517668814037,114.31655717912,30.514389841248100,114.30451453019800,南湖新村,暂无数据,620,
武汉市,武昌,武昌-南湖花园-南湖路,30.516198,114.317378,30.5129103099669,114.30533624730200,南湖老区,暂无数据,254,
武汉市,武昌,武昌-南湖花园-富安街,30.507835,114.32461,30.50444816368370,114.31258331913100,南湖华锦春天故事,91476m²,652,
武汉市,武昌,武昌-南湖花园-岭南路1号,30.519458,114.333921,30.515895731775400,114.32191786957100,江宏张黄新村小区,25000m²,3000,
武汉市,武昌,武昌-南湖花园-平安路,30.515134,114.328208,30.511681996822700,114.31618807779000,南国SOHO,暂无数据,927,
武汉市,武昌,武昌-南湖花园-平安路,30.520905,114.326478,30.517482214821100,114.31445360986200,宁静苑(平安路),31214m²,320,
武汉市,武昌,武昌-南湖花园-平安路,30.523189,114.326887,30.519758524593200,114.31486417917400,景虹花园二期,暂无数据,250,
武汉市,武昌,武昌-南湖花园-平安路,30.516259,114.326949,30.5128292182415,114.31492560010100,松涛阁,暂无数据,730,
武汉市,武昌,武昌-南湖花园-平安路,30.512786,114.327887,30.50934059561310,114.31586666384300,风华天城,280000m²,750,
武汉市,武昌,武昌-南湖花园-平安路137号,30.512702,114.325975,30.509290344533400,114.31394971842800,七星雪香花园,10242m²,620,
武汉市,武昌,武昌-南湖花园-平安路351号,30.520274,114.325118,30.51687461583350,114.31309016008600,金秋千秋别墅花园,暂无数据,203,
武汉市,武昌,武昌-南湖花园-建安街,30.509661086781,114.31930096347,30.506352124401000,114.3072633123590,南湖安六小区,暂无数据,450,
武汉市,武昌,武昌-南湖花园-建安街,30.511058,114.32187,30.50771279400010,114.30983615075400,新世纪宝安花园,42000m²,380,
武汉市,武昌,武昌-南湖花园-建安街171号,30.511365,114.324852,30.507972795462000,114.31282440048600,南湖都市桃源,88000m²,713,
武汉市,武昌,武昌-南湖花园-建安街8附23号,30.512611,114.316543,30.509333784391300,114.30450101624000,东方莱茵,140000m²,1032,
武汉市,武昌,武昌-南湖花园-建安街特1号,30.508300083375,114.32938219706,30.50482892167160,114.31736767508500,水域天际,80000m²,2943,
武汉市,武昌,武昌-南湖花园-恒安路,30.517325,114.317098,30.514040159116300,114.30505589181700,宝安阳光花园香樟里,61300m²,204,
武汉市,武昌,武昌-南湖花园-恒安路,30.508389303311,114.31994594683,30.505072319243200,114.30790984813500,虹顶家园,59000m²,426,
武汉市,武昌,武昌-南湖花园-恒安路141号,30.516996,114.319537,30.513681457189300,114.3074980228340,南湖花园城祥和苑,25230m²,420,
武汉市,武昌,武昌-南湖花园-恒安路251号,30.519896,114.319926,30.516575490361700,114.30788773932700,南湖花园温馨苑小区(瑞安街),25620m²,280,
武汉市,武昌,武昌-南湖花园-恒安路262号,30.52054,114.321117,30.51720281638950,114.30908082503500,康乐苑(恒安路),81520m²,428,
武汉市,武昌,武昌-南湖花园-恒安路2号,30.508331508715,114.32355614684,30.504961504276100,114.31152686216500,华锦花园,96853m²,874,
武汉市,武昌,武昌-南湖花园-恒安路333号,30.522161,114.320502,30.518832084074600,114.30846507081700,江宏花园,暂无数据,1204,
武汉市,武昌,武昌-南湖花园-恒安路78号,30.512823,114.321948,30.50947600574180,114.30991376779900,南湖沁康园,80000m²,380,
武汉市,武昌,武昌-南湖花园-文馨街,30.505304,114.331651,30.501791028103800,114.3196447825760,南湖名都A区,暂无数据,420,
武汉市,武昌,武昌-南湖花园-楚雄大道222-16号,30.522762,114.338942,30.519099409068500,114.32695522371800,雄楚公寓,暂无数据,150,
武汉市,武昌,武昌-南湖花园-瑞安街,30.51789156979,114.31801485947,30.514595911340100,114.30597379088000,南湖教委宿舍,暂无数据,130,
武汉市,武昌,武昌-南湖花园-瑞安街224号,30.517426,114.32939,30.513951534779300,114.31737320860800,松涛苑,100,800,
武汉市,武昌,武昌-南湖花园-瑞安街224号,30.51784,114.327061,30.514407776608500,114.31503784108600,松涛苑别墅,250,104,
武汉市,武昌,武昌-南湖花园-瑞安街267号,30.521508,114.328183,30.51805469368220,114.31616322754500,景虹花园一期,170000m²,695,
武汉市,武昌,武昌-南湖花园-瑞安街271号,30.518968,114.329619,30.5154888313,114.3176029057,鸿瑞佳苑,暂无数据,504,
武汉市,武昌,武昌-南湖花园-瑞安街273号,30.519875,114.331052,30.51636845935750,114.31904017060200,陆总花园,暂无数据,320,
武汉市,武昌,武昌-南湖花园-长虹桥103号,30.518206335856,114.316485674,30.514927983032900,114.30444296563000,税务局宿舍(南湖路),暂无数据,140,
武汉市,武昌,武昌-南湖花园-长虹桥109号,30.517544,114.316631,30.51426426252450,114.30458842150500,南湖新村(1-4栋),79000m²,956,
武汉市,武昌,武昌-南湖花园-长虹桥27号,30.51964497556,114.31829719689,30.516345427973200,114.30625658183100,伟业佳苑,暂无数据,264,
武汉市,武昌,武昌-南湖花园-长虹桥58号,30.522764456191,114.3190093735,30.519455272504900,114.30697028682900,天久云门,61616m²,624,
武汉市,武昌,武昌-南湖花园-长虹桥97号,30.518921,114.316679,30.515640358466400,114.30463650749900,轻院长虹小区,暂无数据,347,
武汉市,武昌,武昌-南湖花园-雄楚大街128号,30.52473514678,114.3304355501,30.52123925925680,114.31842306584800,华亚新领地,29691m²,308,
武汉市,武昌,武昌-南湖花园-雄楚大街44号,30.524421,114.326633,30.520994730549400,114.31460990967800,天华新村,暂无数据,520,
武汉市,武昌,武昌-南湖花园-雄楚大街60号,30.525038,114.328189,30.5215838308,114.3161702578,晒湖小区,暂无数据,302,
武汉市,武昌,武昌-南湖花园-雄楚大道,30.525428,114.319405,30.52211316797640,114.30736735565700,江宏新村小区,暂无数据,450,
武汉市,武昌,"武昌-南湖花园-雄楚大道,近丁字桥路",30.523954,114.331616,30.5204356824,114.3196067526,雄楚春天,暂无数据,670,
武汉市,武昌,武昌-南湖花园-雄楚大道238号,30.521896,114.34082,30.518196834770500,114.32883880158900,迪雅花园,53000m²,304,
武汉市,武昌,武昌-南湖花园-雄楚大道28号,30.527041,114.322428,30.523683162708100,114.31039631894000,027社区,55940m²,1700,
武汉市,武昌,武昌-南湖花园-雄楚大道32号,30.525537,114.324121,30.522152885202700,114.31209226457900,江宏别墅小区,暂无数据,205,
武汉市,武昌,武昌-南湖花园-雅安街,30.517142,114.323665,30.51376720198590,114.31163367473000,中央SOHO,25983m²,70,
武汉市,武昌,武昌-南湖花园-雅安街,30.515549730823,114.31969010942,30.512233602986200,114.3076514722120,宝安香樟里,暂无数据,200,
武汉市,武昌,武昌-南湖花园-雅安街1号,30.51721,114.317022,30.513926045320300,114.30497981531200,阳光花园(南湖路),暂无数据,200,
武汉市,武昌,武昌-南湖花园-雅安街252号,30.514564,114.324304,30.511179703157900,114.31227434363600,新大地家园,暂无数据,200,
武汉市,武昌,武昌-司门口-三道街118号,30.55169,114.314038,30.548431144107800,114.302015486726,胭脂山花园,40229m²,280,
武汉市,武昌,武昌-司门口-三道街18号,30.551806,114.312738,30.548557628746500,114.3007152209840,三道街社区,暂无数据,304,
武汉市,武昌,武昌-司门口-中华路,30.554824867998,114.30545097895,30.551605924614600,114.29343563722500,户部巷社区,暂无数据,320,
武汉市,武昌,武昌-司门口-中华路,30.554097922477,114.30501107874,30.550879224769200,114.29299581588800,都府堤社区,暂无数据,140,
武汉市,武昌,武昌-司门口-中华路42号,30.554907,114.305132,30.55168819139910,114.29311721215700,武船宿舍,暂无数据,120,
武汉市,武昌,武昌-司门口-中华路50号,30.554888077011,114.30556650104,30.551669051058600,114.29355104006500,中华路欧式公寓,5700m²,80,
武汉市,武昌,武昌-司门口-中华路88号附2号,30.553896087216,114.30771929019,30.55067339972530,114.29570038025500,楚材社区,130000m²,150,
武汉市,武昌,武昌-司门口-中山路,30.55419,114.324835,30.550791371608400,114.31283033392300,中铁十一局小区,暂无数据,450,
武汉市,武昌,武昌-司门口-中山路10号,30.561063233911,114.30652768793,30.557842271508900,114.2945154021980,中山路小学宿舍,暂无数据,320,
武汉市,武昌,武昌-司门口-中山路338号,30.559961,114.317785,30.55666277386750,114.30577199742600,凤凰山公寓,暂无数据,200,
武汉市,武昌,武昌-司门口-中山路380号,30.548647,114.322516,30.545285749088300,114.31050140732900,中山桥社区(民主路),暂无数据,480,
武汉市,武昌,武昌-司门口-中山路380号,30.549477,114.322418,30.546117175583000,114.31040396528100,小东门社区北区,暂无数据,300,
武汉市,武昌,武昌-司门口-临江大道,30.557234789121,114.30309616089,30.554014338041,114.29108684031000,公汽宿舍,暂无数据,200,
武汉市,武昌,武昌-司门口-临江大道58号,30.558524,114.304509,30.555304759906800,114.2924979962710,常阳丽江城,80000m²,650,
武汉市,武昌,武昌-司门口-云架桥49号-55号,30.552683123006,114.32120644912,30.54934090707820,114.30919295252800,云架桥小区,暂无数据,180,
武汉市,武昌,武昌-司门口-候补街,30.555010918518,114.31334888099,30.551757501317600,114.30132893728500,英坊小区,暂无数据,300,
武汉市,武昌,武昌-司门口-华中村70号,30.553702492904,114.3215859832,30.55035468911130,114.30957404830400,湖北美术学院教工宿舍,暂无数据,402,
武汉市,武昌,武昌-司门口-友谊大道2号,30.558082,114.324869,30.55468236227690,114.31286745483300,2008新长江广场,暂无数据,120,
武汉市,武昌,武昌-司门口-后补街2-8号,30.555756827435,114.31173255989,30.552515139940500,114.29971305403000,后补街小区,暂无数据,340,
武汉市,武昌,武昌-司门口-履坦巷16号,30.552712,114.314403,30.549449838115600,114.3023815421260,履坦巷16号,暂无数据,60,
武汉市,武昌,武昌-司门口-履坦巷18号,30.552728762024,114.31385813039,30.549471357456400,114.30183644641700,胭脂山庄,暂无数据,120,
武汉市,武昌,武昌-司门口-得胜桥197号,30.558451,114.31217,30.555206022117700,114.30015251349000,郭家营小区,暂无数据,717,
武汉市,武昌,武昌-司门口-得胜桥204号,30.559230351184,114.31257310435,30.55598238177350,114.30055618943100,得胜桥小区,10000m²,750,
武汉市,武昌,武昌-司门口-忠孝门23号,30.551268,114.320925,30.5479299156731,114.30890976950800,武汉中学宿舍,暂无数据,56,
武汉市,武昌,武昌-司门口-忠孝门28号,30.550561623383,114.3219885139,30.547208161702300,114.30997461245400,忠孝门小区,暂无数据,683,
武汉市,武昌,武昌-司门口-忠孝门47号,30.551807,114.32339,30.54843196798460,114.31138005330400,武昌区粮道街小东门社区,暂无数据,750,
武汉市,武昌,武昌-司门口-忠孝门路,30.551165,114.322257,30.54780747391110,114.31024415791300,小东门桃源小区,暂无数据,563,
武汉市,武昌,武昌-司门口-昙华林22号,30.558398,114.313731,30.555141042896300,114.30171376930700,昙华林社区,12000m²,700,
武汉市,武昌,武昌-司门口-昙华林路,30.556012926159,114.32268497016,30.55264843650000,114.31067705947900,武昌区粮道街中医社区,暂无数据,320,
武汉市,武昌,武昌-司门口-昙华林路,30.557888785742,114.31539054976,30.55461677818210,114.30337383329900,武昌花园山牧师公寓,暂无数据,420,
武汉市,武昌,武昌-司门口-朱家巷21号,30.551814,114.318837,30.548503847,114.3068189737,湖北经济学院小区,暂无数据,200,
武汉市,武昌,武昌-司门口-棋盘街,30.554710267539,114.32022855374,30.551381549915200,114.30821508224900,鼓架坡小区,暂无数据,400,
武汉市,武昌,武昌-司门口-棋盘街26号,30.552065322518,114.32106469651,30.548725187456700,114.30905041179500,电力宿舍(粮道街),暂无数据,230,
武汉市,武昌,武昌-司门口-棋盘街52-93号,30.554546996637,114.32111545077,30.55120590467060,114.30910336036200,云鹤星苑,100,355,
武汉市,武昌,武昌-司门口-楚材街,30.554600953814,114.30878234493,30.551374699758700,114.29676310656600,都景园小区,140,200,
武汉市,武昌,武昌-司门口-民主路,30.55267394855,114.30461717177,30.549455381434300,114.29260134720900,司门口民主巷小区,暂无数据,402,
武汉市,武昌,武昌-司门口-民主路,30.552838777625,114.30360343401,30.549619504727600,114.29158956623600,广福坊,暂无数据,300,
武汉市,武昌,武昌-司门口-民主路432号,30.550444,114.315696,30.5471697009883,114.30367337102800,民主路432号小区,暂无数据,200,
武汉市,武昌,武昌-司门口-民主路504号,30.548770293588,114.32114311858,30.545429299385700,114.30912602980900,武昌区卫生局卫生监督所宿舍,暂无数据,180,
武汉市,武昌,武昌-司门口-海马巷,30.555404554516,114.30812074292,30.552180518880900,114.29610269385600,武昌海马巷小区,暂无数据,450,
武汉市,武昌,武昌-司门口-涵三宫33号,30.554633,114.318404,30.551327978393700,114.30638778660800,书香苑(马家巷),暂无数据,320,
武汉市,武昌,武昌-司门口-粮道街,30.556201,114.313249,30.55294825063660,114.30122997705000,戈甲营社区,暂无数据,340,
武汉市,武昌,武昌-司门口-粮道街,30.553234910495,114.3200070316,30.549909345110200,114.3079919718610,棋盘街社区,暂无数据,450,
武汉市,武昌,武昌-司门口-粮道街,30.554637184408,114.31930329907,30.551320798217800,114.3072883337860,涵三宫小区,暂无数据,570,
武汉市,武昌,武昌-司门口-粮道街,30.553275417807,114.31152307504,30.550035338572400,114.29950155152000,白土塘小区,暂无数据,340,
武汉市,武昌,武昌-司门口-粮道街,30.553494,114.311231,30.55025572245210,114.29920970723200,粮道街工商所公房,暂无数据,200,
武汉市,武昌,武昌-司门口-粮道街,30.550891,114.322399,30.547531353356500,114.310386196138,粮道街桃园小区,暂无数据,180,
武汉市,武昌,武昌-司门口-粮道街,30.552242,114.31779,30.548944604417800,114.30577100343400,粮道街经济管理学院宿舍,暂无数据,120,
武汉市,武昌,武昌-司门口-粮道街,30.552171,114.322137,30.548815189603700,114.31012480533600,马蹄营小区,暂无数据,500,
武汉市,武昌,武昌-司门口-粮道街112-118号,30.55327,114.313536,30.550015235515400,114.30151466577600,武汉金专职工宿舍,暂无数据,340,
武汉市,武昌,武昌-司门口-粮道街118号,30.553392507946,114.31331914708,30.550139490509600,114.30129785350900,湖北经济学院教工公寓,暂无数据,760,
武汉市,武昌,武昌-司门口-粮道街223号,30.553667894683,114.31503500043,30.550399798422,114.30301471266900,怡海大厦,暂无数据,360,
武汉市,武昌,武昌-司门口-粮道街235号,30.554799,114.313536,30.55154408502320,114.30151593907800,粮道街胭脂路社区,暂无数据,750,
武汉市,武昌,武昌-司门口-粮道街238号,30.552757529367,114.31808052561,30.549456623563100,114.3060623260320,煜龙山庄,暂无数据,400,
武汉市,武昌,武昌-司门口-粮道街259号,30.553634,114.31654,30.5503506099361,114.30452086654100,紫晋公寓,暂无数据,180,
武汉市,武昌,武昌-司门口-粮道街8-34号,30.553740900802,114.31058632206,30.55050634081170,114.29856540512700,顶秀嘉园,100,118,
武汉市,武昌,武昌-司门口-胭脂路,30.55663435535,114.3131657165,30.553382214546900,114.30114700884000,积玉桥工商宿舍,80,120,
武汉市,武昌,武昌-司门口-胭脂路,30.555444,114.315931,30.552166845819800,114.30391281929000,粮道街花园山社区,暂无数据,230,
武汉市,武昌,武昌-司门口-胭脂路,30.555378,114.315626,30.552103951367900,114.30360752711000,胭脂大院,暂无数据,120,
武汉市,武昌,武昌-司门口-胭脂路,30.55384881603,114.31539998196,30.550577169147700,114.30338009024200,胭脂路地税局宿舍,暂无数据,250,
武汉市,武昌,武昌-司门口-胭脂路,30.555815526504,114.31316347074,30.55256349726600,114.30114412415300,郎家巷小区,暂无数据,470,
武汉市,武昌,武昌-司门口-胭脂路49附49号,30.555339,114.315266,30.552068510957800,114.30324723789100,胭脂庭院,暂无数据,380,
武汉市,武昌,武昌-司门口-自由路,30.554063713141,114.3041106173,30.55084479290210,114.29209684807100,自由路小区,暂无数据,470,
武汉市,武昌,武昌-司门口-自由路6号,30.55473709059,114.30234984867,30.551515428555000,114.29034013048800,中华路公寓,暂无数据,340,
武汉市,武昌,武昌-司门口-荆南街13号,30.550492191413,114.3166344334,30.54720805078030,114.30461265714900,民主路荆南街小区,暂无数据,670,
武汉市,武昌,武昌-司门口-解放路,30.555949,114.308577,30.552723360938700,114.2965590018730,新华村社区,暂无数据,880,
武汉市,武昌,武昌-司门口-解放路,30.557208,114.307016,30.553986668132500,114.29500047128700,青石桥,暂无数据,200,
武汉市,武昌,武昌-司门口-解放路466号,30.55679,114.307945,30.553566348420400,114.29592819515700,泰昌公寓,30000m²,370,
武汉市,武昌,武昌-司门口-解放路518号,30.559610597926,114.30944610287,30.55638100004370,114.29743019456900,医疗器械公司宿舍,暂无数据,230,
武汉市,武昌,武昌-司门口-解放路570号,30.559553,114.309646,30.556322506566800,114.29762993965800,西城壕社区,30000m²,430,
武汉市,武昌,武昌-司门口-郎家巷23-40号,30.55629833471,114.31404255251,30.55303898462290,114.30202387372000,鸿华花园,暂无数据,230,
武汉市,武昌,武昌-司门口-青石桥44-45号,30.557575,114.306664,30.5543543042,114.2946491598,银聚园公寓,暂无数据,250,
武汉市,武昌,武昌-司门口-青龙巷,30.553343292786,114.30811921581,30.550119469577900,114.296099467386,司门口青龙巷小区,暂无数据,370,
武汉市,武昌,武昌-司门口-青龙巷84号,30.553137412978,114.30910672305,30.54991001971570,114.29708603322500,警官大院,暂无数据,230,
武汉市,武昌,武昌-司门口-高家巷18号,30.555898638106,114.31210796176,30.55265440432690,114.30008855422200,崇福山,暂无数据,520,
武汉市,武昌,武昌-司门口-鸿翔巷,30.55347271251,114.30201635634,30.5502503386267,114.2900063251260,司门口鸿翔巷小区,暂无数据,370,
武汉市,武昌,武昌-小东门-东湖西路,30.557469503827,114.34403445823,30.553705414967000,114.33208893437400,东湖熙园,暂无数据,470,
武汉市,武昌,武昌-小东门-东湖西路,30.557412,114.345905,30.553614077158600,114.33396453719300,海山金谷天城,暂无数据,480,
武汉市,武昌,武昌-小东门-中北路101号,30.557672,114.34507,30.5538889725,114.3331274957,楚商大厦,暂无数据,70,
武汉市,武昌,武昌-小东门-中北路1号,30.554309,114.343951,30.55054680722660,114.3320027409600,楚天都市花园,暂无数据,322,
武汉市,武昌,武昌-小东门-中南一路,30.547555,114.333205,30.54400318690620,114.32121774970900,中南一路燃料公司宿舍,暂无数据,220,
武汉市,武昌,武昌-小东门-中南一路44号,30.547380374695,114.33320430734,30.543828587293000,114.32121689427300,中南客运站宿舍,暂无数据,310,
武汉市,武昌,武昌-小东门-中南一路45号,30.546423,114.335404,30.542827840907100,114.32342257220000,中南一路建材宿舍,5000m²,230,
武汉市,武昌,武昌-小东门-中南一路45号,30.545322,114.335841,30.5417182375,114.3238599323,省建材大院,5000m²,230,
武汉市,武昌,武昌-小东门-中南一路50号,30.546555324388,114.3350598472,30.542966982914000,114.32307745931400,湖北省测绘局中南大院,暂无数据,230,
武汉市,武昌,武昌-小东门-中南一路84号,30.54781,114.330936,30.544302144263500,114.318942106157,湖北省建筑物资供应运输公司宿舍,暂无数据,100,
武汉市,武昌,武昌-小东门-中南一路84号,30.547653,114.331373,30.544136777777700,114.3193802638630,物质公司宿舍,暂无数据,340,
武汉市,武昌,武昌-小东门-中南二路,30.547364668404,114.33844924372,30.543708995528100,114.32647827521200,七医院宿舍,8000m²,300,
武汉市,武昌,武昌-小东门-中南二路2号,30.547646,114.340366,30.5439526382,114.3284012386,中南建筑设计院生活区,暂无数据,200,
武汉市,武昌,武昌-小东门-中南二路2号,30.546888,114.340887,30.543184559581500,114.3289231309000,中南建筑设计院科研设计中心,暂无数据,240,
武汉市,武昌,武昌-小东门-中南二路42号,30.547283087862,114.33324325877,30.54373054331260,114.32125587644500,小刘家湾社区,8000m²,260,
武汉市,武昌,武昌-小东门-中南二路49号,30.547023639082,114.3361392511,30.543413836096700,114.32416069429100,奥山星座,10368m²,182,
武汉市,武昌,武昌-小东门-中南二路51号,30.547714793692,114.3351298252,30.544124985074200,114.32314872532300,中南电力设计院生活区,暂无数据,192,
武汉市,武昌,武昌-小东门-中南二路57号,30.548643,114.331906,30.545116424873800,114.31991577482600,阳光年华,50000m²,486,
武汉市,武昌,武昌-小东门-中南二路80号,30.548737,114.333748,30.545174433356700,114.32176351505100,中南龙庭,49328m²,508,
武汉市,武昌,武昌-小东门-体育馆路19号,30.556567648893,114.34042111415,30.552872420125900,114.32846422968700,湖北省体育局宿舍区,暂无数据,450,
武汉市,武昌,武昌-小东门-大东门三村2号,30.54715,114.331145,30.543638189728600,114.31915112037200,大东门三村,暂无数据,320,
武汉市,武昌,武昌-小东门-天鹅路,30.547405,114.360928,30.543415025991700,114.34900097564000,国家审计署驻汉办事处小区,暂无数据,200,
武汉市,武昌,武昌-小东门-姚家岭114号,30.557031,114.345153,30.55324655463770,114.33321023962200,景天楼,24000m²,100,
武汉市,武昌,武昌-小东门-姚家岭231号,30.557196,114.342423,30.553462143907800,114.33047262124600,姚家岭省国税局宿舍,暂无数据,120,
武汉市,武昌,武昌-小东门-姚家岭57号,30.557034282132,114.34452574151,30.553261221591700,114.33258126312400,湖北省司法厅宿舍,暂无数据,340,
武汉市,武昌,武昌-小东门-姚家岭路,30.555397945985,114.3447318128,30.551621314739700,114.33278662253300,长城汇,暂无数据,1020,
武汉市,武昌,武昌-小东门-星海路特1号,30.556828876711,114.33266999522,30.55328669819440,114.32068908198900,鸿玺公馆,57850m²,486,
武汉市,武昌,武昌-小东门-民主一路,30.550068,114.328789,30.546600304085100,114.3167909694650,小东门电器宿舍,暂无数据,320,
武汉市,武昌,武昌-小东门-民主一路52号,30.553173,114.32629,30.549749776597700,114.31428802841400,小东门电子小区,暂无数据,420,
武汉市,武昌,武昌-小东门-民主二路,30.552358517783,114.33125300811,30.54884423573580,114.31926413870300,小东门安装宿舍,暂无数据,250,
武汉市,武昌,武昌-小东门-民主二路30号,30.55202,114.336543,30.548401794148800,114.32457023052100,中南电力设计院第二生活区南苑,暂无数据,350,
武汉市,武昌,武昌-小东门-民主二路31附13号,30.553395384661,114.33078076891,30.549890043851000,114.31879138586000,中南路街民主路小龟山社区,暂无数据,720,
武汉市,武昌,武昌-小东门-民主二路35号,30.552692841709,114.3317160846,30.54916961363180,114.3197288936170,彩电中心宿舍,暂无数据,310,
武汉市,武昌,武昌-小东门-民主二路55号,30.552021704689,114.33106975379,30.548510965429700,114.31908004521400,供电局宿舍(民主二路),暂无数据,210,
武汉市,武昌,武昌-小东门-民主二路58号,30.55674117888,114.33560395085,30.553141152799600,114.32363211522700,星海虹城,200000m²,1139,
武汉市,武昌,武昌-小东门-民主二路62号,30.555944197849,114.33546992367,30.552346924635400,114.32349704533500,武铁汇文住宅小区,暂无数据,500,
武汉市,武昌,武昌-小东门-民主二路80-17号,30.555021,114.329573,30.551538309595100,114.31758145161800,农管局宿舍,暂无数据,320,
武汉市,武昌,武昌-小东门-民主二路80号,30.554968856982,114.33034679751,30.55147160810410,114.31835744620600,星星社区,暂无数据,500,
武汉市,武昌,武昌-小东门-民主路,30.550875,114.334043,30.547306456377200,114.32206136277300,何家垅社区,暂无数据,270,
武汉市,武昌,武昌-小东门-民主路,30.550509,114.335584,30.54690997264360,114.32360686895000,小东门职业病防治宿舍,暂无数据,370,
武汉市,武昌,武昌-小东门-民主路,30.549765003809,114.33405789341,30.546196253157900,114.32207530683000,民主路急救站宿舍,暂无数据,450,
武汉市,武昌,武昌-小东门-民主路,30.554362,114.326418,30.550936438241700,114.31441735133800,紫沙金苑,暂无数据,280,
武汉市,武昌,武昌-小东门-民主路22号,30.552542473836,114.33162832015,30.549020953103100,114.31964073511700,太阳岛花园(民主二路),暂无数据,830,
武汉市,武昌,武昌-小东门-民主路32号,30.55429,114.337427,30.5506540214,114.3254589547,小龟山干休所,暂无数据,200,
武汉市,武昌,武昌-小东门-民主路555号,30.548987,114.329022,30.545515084361400,114.31702364456200,小东门二航设计院宿舍,暂无数据,134,
武汉市,武昌,武昌-小东门-民主路717附1号,30.5527,114.333653,30.54913898487650,114.32167174899100,拜赞庭,110000m²,530,
武汉市,武昌,武昌-小东门-民主路721号,30.550839,114.335988,30.547231921902000,114.32401243710900,工行江南支行宿舍,暂无数据,200,
武汉市,武昌,武昌-小东门-民主路727号,30.551083,114.334512,30.547505175137100,114.32253201296300,洪山花园,31170m²,208,
武汉市,武昌,武昌-小东门-民主路739号,30.552472,114.335929,30.548865956396900,114.32395468640700,中南电力设计院第二生活区北苑,暂无数据,103,
武汉市,武昌,武昌-小东门-民主路747号,30.551133871536,114.33613808331,30.547523787319500,114.32416325596500,知音花园,暂无数据,310,
武汉市,武昌,武昌-小东门-民主路789号,30.551673,114.339788,30.547990632541300,114.32782509727700,南国悦公馆,21329m²,80,
武汉市,武昌,武昌-小东门-民主路三巷,30.554447789992,114.33555319659,30.55084902318560,114.32357937134100,水务集团宿舍,暂无数据,240,
武汉市,武昌,武昌-小东门-洪山侧路42号,30.545482205434,114.35923163422,30.541505228177100,114.34730247708400,北坡山庄,暂无数据,250,
武汉市,武昌,武昌-小东门-洪山侧路55号,30.546605,114.358789,30.542631731418300,114.34686068904000,茶港社区,暂无数据,370,
武汉市,武昌,武昌-小东门-紫沙路,30.551081540361,114.32892631599,30.547611231727300,114.31692957539800,25中二建宿舍,暂无数据,480,
武汉市,武昌,武昌-小东门-紫沙路,30.552623,114.32938,30.54914414432440,114.31738589061400,小东门铁路小区,暂无数据,275,
武汉市,武昌,武昌-小东门-紫沙路,30.552566,114.328215,30.549108604822000,114.31621758617900,紫沙路小区,暂无数据,372,
武汉市,武昌,武昌-小东门-紫沙路,30.550953,114.329331,30.54747519885870,114.31733528829800,紫沙阁,暂无数据,230,
武汉市,武昌,武昌-小东门-紫沙路100号,30.553593,114.329065,30.55011990538780,114.31707082572900,金沙城公寓,暂无数据,180,
武汉市,武昌,武昌-小东门-紫沙路202号,30.555263,114.327741,30.551813919075200,114.3157445533150,星河居(紫沙路),暂无数据,500,
武汉市,武昌,武昌-小东门-紫沙路204号,30.556979393368,114.32728402488,30.55353829710320,114.31528770341100,东龙世纪花园,23081m²,850,
武汉市,武昌,武昌-小东门-紫沙路23号,30.55131,114.328798,30.547842039185100,114.31680110226700,金沙阁,暂无数据,420,
武汉市,武昌,武昌-小东门-紫沙路53号,30.551989,114.328189,30.54853212829460,114.31619101409400,武昌紫沙路53号小区,暂无数据,200,
武汉市,武昌,武昌-小东门-紫沙路53号,30.552238,114.328564,30.548774260140700,114.31656726409300,湖北广播电视局宿舍,暂无数据,450,
武汉市,武昌,武昌-小东门-紫沙路75号,30.552429,114.328212,30.548971671576000,114.31621445955000,武昌紫沙路75号,暂无数据,100,
武汉市,武昌,武昌-小东门-红岭街,30.556878,114.343844,30.553117506653400,114.33189749042400,红岭花苑小区,暂无数据,230,
武汉市,武昌,武昌-小东门-舒家街71、73、75、77号,30.548105,114.327542,30.544660107967500,114.31553877726300,武汉市建筑二公司宿舍(舒家街),暂无数据,420,
武汉市,武昌,武昌-徐东-三角路,30.587255,114.33654,30.58362689870490,114.3245742186120,武汉三角花园小区,暂无数据,320,
武汉市,武昌,武昌-徐东-临江大道,30.62215,114.358048,30.61815132095970,114.3460978420000,怡景苑(临江大道),暂无数据,180,
武汉市,武昌,武昌-徐东-友谊大道,30.59211492345,114.34622201181,30.588299333693900,114.33428137821000,东原时光道,185000m²,370,
武汉市,武昌,武昌-徐东-友谊大道,30.592627,114.345238,30.58882859748000,114.33329431860500,佳馨花园2期,暂无数据,150,
武汉市,武昌,武昌-徐东-友谊大道,30.59294,114.347364,30.589104204549500,114.33542555609700,福星惠誉芭莎公馆,暂无数据,250,
武汉市,武昌,武昌-徐东-友谊大道394号,30.591756,114.345774,30.58794852557810,114.3338324890300,福星惠誉国际城紫领公寓,暂无数据,320,
武汉市,武昌,武昌-徐东-友谊大道479号,30.598077,114.350733,30.594184032420900,114.33879724287000,杨园街二桥社区,暂无数据,170,
武汉市,武昌,武昌-徐东-友谊大道601附8号,30.60028239539,114.35208704848,30.59636830105600,114.34015156568700,徐东乐业小区,暂无数据,420,
武汉市,武昌,武昌-徐东-友谊大道661号,30.603096,114.355309,30.599138453911700,114.34337529810300,东润上域,34000m²,288,
武汉市,武昌,武昌-徐东-和平大道,30.596046,114.339784,30.592348681,114.3278212118,徐家棚统建楼,暂无数据,230,
武汉市,武昌,武昌-徐东-和平大道,30.610386,114.351799,30.606469348239200,114.33985206103100,杨园建设东区,暂无数据,470,
武汉市,武昌,武昌-徐东-和平大道,30.605493,114.347818,30.601641587019300,114.33586791590300,杨园村小区,暂无数据,420,
武汉市,武昌,武昌-徐东-和平大道,30.614415679286,114.35932837903,30.61041047549250,114.34738573408500,江南集团宿舍,暂无数据,200,
武汉市,武昌,武昌-徐东-和平大道,30.603816,114.346062,30.599995887789400,114.3341093272630,福星惠誉瞰江坊,暂无数据,480,
武汉市,武昌,武昌-徐东-和平大道1000号,30.558944,114.325189,30.55553890431360,114.31318882821800,汇通天地,暂无数据,320,
武汉市,武昌,武昌-徐东-和平大道1018号,30.600198,114.345611,30.596388239572400,114.3336610133070,江尚,235826m²,1649,
武汉市,武昌,武昌-徐东-和平大道1028号,30.601768,114.34906,30.597898662181100,114.33711685037900,才华茗苑二期,暂无数据,暂无数据,
武汉市,武昌,武昌-徐东-和平大道1064-9号,30.608184277029,114.35370732213,30.60424308410060,114.34176591971800,船校村,暂无数据,暂无数据,
武汉市,武昌,武昌-徐东-和平大道1178号,30.613365,114.359615,30.6093581439,114.3476735137,武汉理工大学余家头校区北区教工宿舍,暂无数据,暂无数据,
武汉市,武昌,武昌-徐东-和平大道673号,30.609006,114.349389,30.60512663982250,114.33743869970300,铁四院职工住宅楼,暂无数据,暂无数据,
武汉市,武昌,武昌-徐东-和平大道729号,30.604178,114.349561,30.600299116083500,114.33761634747400,杨园街电力新村社区,暂无数据,暂无数据,
武汉市,武昌,武昌-徐东-和平大道749-1号,30.610359905765,114.35355137629,30.606419299500600,114.34160739087600,龙凯大厦,9251m²,75,
武汉市,武昌,武昌-徐东-和平大道751号,30.611896,114.353493,30.60795514696210,114.34154729986500,馨都雅园,70300m²,649,
武汉市,武昌,武昌-徐东-和平大道920号,30.602389,114.347529,30.598544491623900,114.33558159287600,才华茗苑,暂无数据,暂无数据,
武汉市,武昌,武昌-徐东-四美塘西路,30.606557,114.348845,30.60268797415420,114.33689615491800,桥梁新村小区,暂无数据,暂无数据,
武汉市,武昌,武昌-徐东-四美塘路,30.608020630827,114.34390707851,30.6042367049033,114.33194391873900,月汉里小区,暂无数据,暂无数据,
武汉市,武昌,武昌-徐东-四美塘路65号,30.605631721925,114.34713073766,30.601791850532100,114.33517881576500,四美苑综合楼,暂无数据,暂无数据,
武汉市,武昌,武昌-徐东-四美塘路65附12号,30.605211,114.346282,30.601386102132700,114.33432837736200,四美苑住宅小区,15932m²,300,
武汉市,武昌,武昌-徐东-团结南路,30.591118344182,114.34709157154,30.587288250976000,114.33515397569700,武科大宿舍,暂无数据,暂无数据,
武汉市,武昌,武昌-徐东-团结路,30.59505,114.344588,30.591261927980700,114.33264036340300,三三七社区,暂无数据,暂无数据,
武汉市,武昌,武昌-徐东-团结路,30.591061143342,114.34770915658,30.587220604915400,114.33577312645100,团结路煤气公司宿舍,暂无数据,暂无数据,
武汉市,武昌,武昌-徐东-团结路2号,30.596134087941,114.34140987902,30.592405098735000,114.32945198178700,新长江滨江花园,暂无数据,暂无数据,
武汉市,武昌,武昌-徐东-团结路9号,30.596179,114.344193,30.592397475314700,114.33224318852900,德成香奈长江国际,暂无数据,暂无数据,
武汉市,武昌,武昌-徐东-国盛路(临)1号,30.619073,114.356986,30.61508662937540,114.34503754459900,安胜花园,暂无数据,暂无数据,
武汉市,武昌,武昌-徐东-国盛路3号,30.618135787818,114.35745532221,30.614145254128600,114.3455080747230,德安苑,暂无数据,暂无数据,
武汉市,武昌,武昌-徐东-宏昌路3号,30.592075,114.35182,30.58816975112190,114.3398918985230,徐清公寓(宏昌路),100000m²,950,
武汉市,武昌,武昌-徐东-宏祥路,30.590466,114.351361,30.586568300285100,114.33943335024700,团结名居竹园,暂无数据,暂无数据,
武汉市,武昌,武昌-徐东-建新路,30.610052279412,114.34536305208,30.606240469407000,114.33340172348400,粤汉里社区,暂无数据,暂无数据,
武汉市,武昌,武昌-徐东-建新里80号,30.600958324031,114.33814696392,30.59729016410050,114.3261740636800,建新里机务段小区,暂无数据,暂无数据,
武汉市,武昌,武昌-徐东-徐东二路23号,30.589963,114.352421,30.586050492430000,114.34049564717900,徐东社区,暂无数据,暂无数据,
武汉市,武昌,武昌-徐东-徐东二路28号,30.590892,114.352703,30.586975088264600,114.34077740118900,武汉铁路徐东路住宅小区(宏祥路),暂无数据,暂无数据,
武汉市,武昌,武昌-徐东-徐东大街,30.599924,114.347456,30.5960823252,114.335511033,优活城(商住楼),暂无数据,暂无数据,
武汉市,武昌,武昌-徐东-徐东大街,30.597969,114.35046,30.59408022366330,114.33852380259000,公路桥小区,暂无数据,暂无数据,
武汉市,武昌,武昌-徐东-徐东大街,30.592954892696,114.35261875551,30.58903794118430,114.34069129855200,徐东材料厂宿舍,暂无数据,暂无数据,
武汉市,武昌,武昌-徐东-徐东大街,30.598445,114.349524,30.594570416439600,114.33758535155400,逸居苑(徐东大街),60,1000,
武汉市,武昌,武昌-徐东-徐东大街3号,30.60001,114.347294,30.596171020610900,114.33534854371500,优活城,暂无数据,1078,
武汉市,武昌,武昌-徐东-徐东大街92号,30.592673478948,114.35408209519,30.588737394207900,114.34215714949500,中力名居(徐东大街),103,318,
武汉市,武昌,武昌-徐东-徐家棚村18号,30.606861656499,114.34902957585,30.6029894532852,114.33708081412000,四美新村社区,暂无数据,暂无数据,
武汉市,武昌,武昌-徐东-徐家棚街,30.596663710431,114.33931709668,30.592975177805000,114.3273522585940,五七小院,500000m²,暂无数据,
武汉市,武昌,武昌-徐东-德平路,30.62103,114.360416,30.617012220653000,114.34846763962800,余家头水厂宿舍,暂无数据,暂无数据,
武汉市,武昌,武昌-徐东-惠安路,30.594672656647,114.34361845295,30.590902687553100,114.33166843608200,湖北大学附属中学家属区,暂无数据,暂无数据,
武汉市,武昌,武昌-徐东-才华街,30.601299,114.347148,30.597461678099900,114.3352008198310,才华茗苑四期,暂无数据,暂无数据,
武汉市,武昌,武昌-徐东-才华街,30.601809,114.352247,30.597891669813500,114.34031017851100,杨园街电信社区,暂无数据,暂无数据,
武汉市,武昌,武昌-徐东-才华街14号,30.601542083816,114.34989913558,30.597659635540400,114.3379580568410,柴林公寓,暂无数据,暂无数据,
武汉市,武昌,武昌-徐东-才华街19号,30.602485,114.349921,30.598601597018700,114.3379789556100,林泰华府,暂无数据,暂无数据,
武汉市,武昌,武昌-徐东-才华街44号,30.601503850457,114.3507865716,30.59760788103640,114.33884735371400,四美塘社区省电建一公司宿舍东区,暂无数据,暂无数据,
武汉市,武昌,武昌-徐东-才华街46号,30.601534,114.350822,30.59763748067990,114.33888282005900,省电建一公司宿舍,暂无数据,31,
武汉市,武昌,武昌-徐东-才茂街,30.607294,114.354935,30.603338106037300,114.34299625630900,武昌区杨园街柴东社区,105,8475,
武汉市,武昌,武昌-徐东-才茂街25号,30.607437454413,114.35652324041,30.603463455386000,114.3445860982450,纺器小区,暂无数据,暂无数据,
武汉市,武昌,武昌-徐东-才茂街2号,30.60641,114.356795,30.60243380738250,114.344859232453,万科金域华府金寓,暂无数据,暂无数据,
武汉市,武昌,武昌-徐东-施家墩路,30.60992,114.352646,30.605991793582500,114.34070104064200,武昌杨园柴林头西区,80,672,
武汉市,武昌,武昌-徐东-杨园街,30.60929,114.344375,30.60549661367520,114.33241177909000,粤汉里社区幸福小院,暂无数据,暂无数据,
武汉市,武昌,武昌-徐东-杨园街,30.609600512122,114.34900729787,30.60572685393670,114.3370555074360,铁四院社区,暂无数据,暂无数据,
武汉市,武昌,武昌-徐东-杨园街,30.609641384173,114.34831003314,30.605779050952400,114.33635659694800,铁路医院家属楼,暂无数据,暂无数据,
武汉市,武昌,武昌-徐东-杨园街141号,30.609362,114.346388,30.60553249974850,114.33443012196800,杨园法庭宿舍,暂无数据,暂无数据,
武汉市,武昌,武昌-徐东-杨园街89号,30.607249,114.34306,30.60348138938850,114.33109525036200,武铁汽车队小区,暂无数据,暂无数据,
武汉市,武昌,武昌-徐东-杨园西路,30.60682,114.342618,30.603061013969000,114.33065242792600,四美花苑,暂无数据,暂无数据,
武汉市,武昌,武昌-徐东-杨园西路,30.608129106688,114.34375086318,30.604348004717600,114.33178714109300,武汉铁路粤汉里住宅小区,暂无数据,暂无数据,
武汉市,武昌,武昌-徐东-沟边街,30.599594,114.337165,30.595946198771200,114.32519043674100,徐家棚机务段宿舍,暂无数据,暂无数据,
武汉市,武昌,武昌-徐东-润园路8号,30.602988,114.351387,30.599082186047300,114.33944734756900,万科朗苑,暂无数据,暂无数据,
武汉市,武昌,武昌-徐东-秦园中路97号,30.592054,114.34844,30.588200754002200,114.33650489081600,团结名居桔园,暂无数据,暂无数据,
武汉市,武昌,武昌-徐东-秦园路,30.597613,114.336958,30.593970568693100,114.3249848061460,合记里社区,暂无数据,暂无数据,
武汉市,武昌,武昌-徐东-秦园路,30.597723,114.333861,30.594141899392400,114.32187794202200,徐家棚港务局宿舍,暂无数据,暂无数据,
武汉市,武昌,武昌-徐东-秦园路139号,30.588591759904,114.34892330631,30.584732593825200,114.33699198059200,九坤秦南都汇,暂无数据,暂无数据,
武汉市,武昌,武昌-徐东-秦园路177号,30.58857,114.348028,30.58472551432040,114.3360946124800,团结名居兰园,暂无数据,暂无数据,
武汉市,武昌,武昌-徐东-秦园路4-17号,30.596618791718,114.33562308476,30.59300350577880,114.32364665522700,富华商住楼,暂无数据,暂无数据,
武汉市,武昌,武昌-徐东-秦园路95号,30.593503,114.341945,30.58976533137720,114.32999114856700,团结名居桂园,暂无数据,暂无数据,
武汉市,武昌,武昌-徐东-红盛路1号,30.597608164233,114.34704261389,30.59377500751020,114.33509899127500,汉飞滨江国际,48230m²,486,
武汉市,武昌,武昌-徐东-红盛路43号,30.596787,114.34647,30.59296425771230,114.3345257359350,鹏凌苑,暂无数据,暂无数据,
武汉市,武昌,武昌-徐东-红盛路6号,30.594859640271,114.34581597772,30.591049582718600,114.33387184728000,万吨冷库新宿舍,暂无数据,暂无数据,
武汉市,武昌,武昌-徐东-联盟路43号,30.616501,114.366998,30.61245843806420,114.35504971090500,余家头小区,16900m²,暂无数据,
武汉市,武昌,武昌-徐东-胜新路5号,30.604925,114.354016,30.600982011196700,114.34207861134400,武昌区杨园街变电社区,暂无数据,暂无数据,
武汉市,武昌,武昌-徐东-铁机路,30.603928996473,114.35168290083,30.600018279256900,114.33974277744200,九亩地,暂无数据,暂无数据,
武汉市,武昌,武昌-徐东-铁机路,30.613981,114.352575,30.61005111193700,114.3406256793080,融侨城1期,暂无数据,暂无数据,
武汉市,武昌,武昌-徐东-铁机路,30.615344,114.352174,30.61141880883470,114.34022263554700,融侨城2期,暂无数据,暂无数据,
武汉市,武昌,武昌-徐东-铁机路100号,30.609694,114.358105,30.605702656,114.3461666612,江南公寓(南区),暂无数据,暂无数据,
武汉市,武昌,武昌-徐东-铁机路100号,30.610075,114.35775,30.606086776041000,114.34581101560400,江南公寓南区,暂无数据,暂无数据,
武汉市,武昌,武昌-徐家棚-七星路,30.586947,114.345078,30.583154630410500,114.33313814793500,七星绿色花园,80000m²,588,
武汉市,武昌,武昌-徐家棚-三角路,30.579677186784,114.32820577616,30.57621363633800,114.31621838548000,三角路南社区,暂无数据,暂无数据,
武汉市,武昌,武昌-徐家棚-三角路,30.589217,114.338939,30.585540291828900,114.32697941940500,武车五村小区,暂无数据,暂无数据,
武汉市,武昌,武昌-徐家棚-三角路,30.58945,114.339481,30.585762493398700,114.32752293761100,秦园鑫寓,暂无数据,暂无数据,
武汉市,武昌,"武昌-徐家棚-临江大道,近武车路",30.587036,114.327302,30.5835852456,114.3153087494,绿地海珀御观,暂无数据,暂无数据,
武汉市,武昌,武昌-徐家棚-临江大道578号,30.595472424863,114.33174267445,30.591934088834200,114.31975530216300,秦园路学校教工宿舍,暂无数据,暂无数据,
武汉市,武昌,武昌-徐家棚-刘家河A区,30.586411,114.33781,30.58275811650240,114.32584875967800,三角花园,暂无数据,2300,
武汉市,武昌,武昌-徐家棚-友谊大道,30.58939,114.345371,30.585591049949900,114.33343026523700,忠诚湖大教师公寓,暂无数据,暂无数据,
武汉市,武昌,武昌-徐家棚-友谊大道,30.582126,114.332162,30.578586756675800,114.32018527009000,武昌区徐家棚街长轮社区,暂无数据,暂无数据,
武汉市,武昌,武昌-徐家棚-友谊大道,30.574522,114.326343,30.57109355352450,114.31435143803500,水岸国际时代上城,暂无数据,暂无数据,
武汉市,武昌,武昌-徐家棚-友谊大道229号,30.576028808907,114.32725842317,30.57258373587350,114.31526915857500,武汉理工大学河校小区,暂无数据,暂无数据,
武汉市,武昌,武昌-徐家棚-友谊大道330号,30.58082,114.333451,30.577256158224300,114.32147871944300,喻家湖社区,暂无数据,暂无数据,
武汉市,武昌,武昌-徐家棚-友谊大道382号,30.588338,114.34324,30.584578731485100,114.33129406047800,武汉理工大学友谊小区,暂无数据,暂无数据,
武汉市,武昌,武昌-徐家棚-友谊大道392号,30.588934,114.344921,30.58514341064280,114.33297937478100,湖北大学教师公寓,暂无数据,暂无数据,
武汉市,武昌,武昌-徐家棚-和安街,30.588341266227,114.33562676781,30.58473073225660,114.3236573716660,武车六村小区,12000m²,800,
武汉市,武昌,武昌-徐家棚-和平大道,30.582523,114.325139,30.57911187954930,114.31314270717500,三角花园柳村小区,暂无数据,暂无数据,
武汉市,武昌,武昌-徐家棚-和平大道,30.582559,114.326259,30.579128775532600,114.31426544767700,三角路社区,暂无数据,暂无数据,
武汉市,武昌,武昌-徐家棚-和平大道,30.57793,114.326143,30.57450376236410,114.31415059139500,恒大首府西区,380000m²,848,
武汉市,武昌,武昌-徐家棚-和平大道,30.589587821375,114.33542348127,30.5859806427,114.323452545,武昌车辆厂小区,暂无数据,暂无数据,
武汉市,武昌,武昌-徐家棚-和平大道,30.589761835734,114.33439132824,30.58617500804480,114.32241701619700,武车一村宿舍,暂无数据,暂无数据,
武汉市,武昌,武昌-徐家棚-和平大道,30.5824087351,114.32717191635,30.57896256676640,114.31518078566500,武车四村,暂无数据,暂无数据,
武汉市,武昌,武昌-徐家棚-和平大道,30.580629,114.32749,30.577177957683100,114.31550038153100,水岸国际LOFT公寓,暂无数据,暂无数据,
武汉市,武昌,武昌-徐家棚-和平大道,30.581875,114.329116,30.57839377497050,114.3171304023030,水岸国际SOHO公寓,暂无数据,暂无数据,
武汉市,武昌,武昌-徐家棚-和平大道,30.580317,114.326557,30.57688258995530,114.31456504018100,水岸国际瞰江公寓,暂无数据,暂无数据,
武汉市,武昌,武昌-徐家棚-和平大道,30.578059,114.324983,30.574652399371500,114.31298773263800,积玉桥街康乐里社区,暂无数据,暂无数据,
武汉市,武昌,武昌-徐家棚-和平大道,30.587877738504,114.33069974175,30.5843637783,114.3187154927,绿地名邸公馆,377490m²,4011,
武汉市,武昌,武昌-徐家棚-和平大道,30.588896,114.332904,30.585338904,114.3209257016,绿地铂瑞公馆,暂无数据,暂无数据,
武汉市,武昌,武昌-徐家棚-和平大道,30.586607,114.32968,30.5831129718,114.3176936015,西兰蒂亚606公馆,暂无数据,暂无数据,
武汉市,武昌,武昌-徐家棚-和平大道284号,30.591719,114.337409,30.58807117319900,114.32544265769300,鹏程帝景园,54580m²,434,
武汉市,武昌,武昌-徐家棚-和平大道501号,30.581697,114.325169,30.578285752651300,114.31317311422900,三角花园赵家墩小区,暂无数据,暂无数据,
武汉市,武昌,武昌-徐家棚-和平大道515号,30.587479,114.329885,30.5839806698,114.3178986349,绿地西斯莱公馆,暂无数据,暂无数据,
武汉市,武昌,武昌-徐家棚-和平大道515号,30.587479,114.329885,30.583980669788800,114.31789863491400,西斯莱公馆,暂无数据,暂无数据,
武汉市,武昌,武昌-徐家棚-和平大道690号,30.578907,114.327151,30.575462722408000,114.31516097557600,恒大首府东区,暂无数据,暂无数据,
武汉市,武昌,武昌-徐家棚-和平大道840号,30.58835,114.331325,30.58482382476590,114.31934228709100,绿地国际金融城,暂无数据,1350,
武汉市,武昌,武昌-徐家棚-和平大道850号,30.592512293237,114.33936856958,30.588825255841000,114.32740771024200,惠誉公寓,暂无数据,暂无数据,
武汉市,武昌,武昌-徐家棚-和平大道850号,30.592512293237,114.33936856958,30.5888252558,114.3274077102,惠誉花园,110688m²,800,
武汉市,武昌,武昌-徐家棚-和平大道852号,30.592923728165,114.33765810606,30.589270255443800,114.32569152766700,徐家棚综合楼,暂无数据,暂无数据,
武汉市,武昌,武昌-徐家棚-和平大道980号,30.590208800158,114.33508535908,30.586607983057800,114.32311288625500,时尚馨都,12250m²,114,
武汉市,武昌,武昌-徐家棚-喻家湖路231号,30.580344,114.336048,30.576728980592300,114.32408402129900,长鑫家园,暂无数据,暂无数据,
武汉市,武昌,武昌-徐家棚-团结大道,30.584571,114.346503,30.580754549420800,114.33456829708700,油料所社区,暂无数据,暂无数据,
武汉市,武昌,武昌-徐家棚-团结大道,30.57905147616,114.33552256437,30.575447435423700,114.32355729088300,湖大琴园小区,暂无数据,暂无数据,
武汉市,武昌,武昌-徐家棚-学院路特1号,30.586274493564,114.33189538638,30.582738409283600,114.31991574325800,赵家墩社区,暂无数据,暂无数据,
武汉市,武昌,武昌-徐家棚-惠安路,30.591119,114.339054,30.58743896027270,114.32709331678900,徐家棚街惠誉社区交警小区,暂无数据,暂无数据,
武汉市,武昌,武昌-徐家棚-武车一村特1号,30.590857,114.335205,30.587253444993300,114.32323239609300,徐家棚街秦臻路社区,暂无数据,暂无数据,
武汉市,武昌,武昌-徐家棚-武车村路,30.588399,114.337894,30.584743404421500,114.32593172349400,武车小区,暂无数据,暂无数据,
武汉市,武昌,武昌-徐家棚-武车路,30.579429,114.330925,30.575914763501200,114.31894545995300,水岸国际峯岚天下,暂无数据,暂无数据,
武汉市,武昌,武昌-徐家棚-秦园中路,30.587861,114.347502,30.58402571795960,114.33556783053300,三角花园余家湖小区,暂无数据,暂无数据,
武汉市,武昌,武昌-徐家棚-秦园路,30.596271,114.334556,30.59267708312220,114.3225765491930,徐家棚公太里社区,暂无数据,暂无数据,
武汉市,武昌,武昌-徐家棚-秦园路58号,30.589035,114.340176,30.58533410429200,114.32822039227700,秦园居名雅花苑,暂无数据,暂无数据,
武汉市,武昌,武昌-徐家棚-秦园路7号,30.590998346729,114.34171081137,30.58726662314710,114.3297583756630,秦园居,22880m²,220,
武汉市,武昌,武昌-徐家棚-长喻路,30.582560496396,114.33036087755,30.579055620431100,114.31837858274600,三角路小区,暂无数据,暂无数据,
武汉市,武昌,武昌-武昌火车站-丁字桥路99号,30.531827,114.338506,30.528171489309200,114.32652213682800,99号公寓,暂无数据,暂无数据,
武汉市,武昌,武昌-武昌火车站-中南一路25号,30.54455537803,114.33711552953,30.5409263396985,114.32513777506900,武珞路社区,暂无数据,暂无数据,
武汉市,武昌,武昌-武昌火车站-中南一路3号,30.54385,114.33838,30.54019593268410,114.32640557404800,嘉园大厦,暂无数据,暂无数据,
武汉市,武昌,武昌-武昌火车站-中南一路47号,30.545515,114.33456,30.54193662783910,114.32257508409600,湖北省城市规划设计研究院宿舍,暂无数据,暂无数据,
武汉市,武昌,武昌-武昌火车站-中南路3号,30.54142,114.33753,30.537782944151400,114.3255506987510,阜华领秀中南,暂无数据,暂无数据,
武汉市,武昌,武昌-武昌火车站-中山路,30.544261,114.325412,30.540853476550700,114.31339980945900,大东门四村,暂无数据,暂无数据,
武汉市,武昌,武昌-武昌火车站-中山路426号,30.54223627146,114.32365091807,30.538857791438800,114.31163282793500,千家街社区,暂无数据,暂无数据,
武汉市,武昌,武昌-武昌火车站-中山路450号,30.53521,114.318913,30.5319001364,114.306880441,中船重工第七一九研究所,暂无数据,暂无数据,
武汉市,武昌,武昌-武昌火车站-中山路487号,30.543442369372,114.32492381698,30.540043086012900,114.31290971077300,南国新东城,1000m²,575,
武汉市,武昌,武昌-武昌火车站-付家坡一路25号,30.537091,114.33696,30.533465599986600,114.32497518352300,付家坡残联宿舍,暂无数据,暂无数据,
武汉市,武昌,武昌-武昌火车站-付家坡路32号,30.538048363686,114.33662703099,30.53442949953000,114.32464195585500,银海公寓(付家坡一路),143192m²,1174,
武汉市,武昌,武昌-武昌火车站-北安路1号,30.534104,114.32882,30.530636955166700,114.31680812454600,波光园1期,26850m²,187,
武汉市,武昌,武昌-武昌火车站-北安路2号,30.535363,114.328423,30.531903113268400,114.31641096853800,梅苑3期,暂无数据,暂无数据,
武汉市,武昌,武昌-武昌火车站-千家街,30.540569,114.322475,30.5372089260095,114.3104529619720,千家鑫苑,暂无数据,暂无数据,
武汉市,武昌,武昌-武昌火车站-千家街18号,30.544037,114.323773,30.540656451491900,114.31175681589500,金涛铭座,508500m²,182,
武汉市,武昌,武昌-武昌火车站-千家街30号,30.53716724454,114.32138377463,30.533823620807400,114.30935675209000,省一保宿舍,暂无数据,暂无数据,
武汉市,武昌,武昌-武昌火车站-千家街56号,30.538398989473,114.32167293917,30.535051051656500,114.30964747343100,教委宿舍(千家街),暂无数据,暂无数据,
武汉市,武昌,武昌-武昌火车站-南安街,30.531001,114.324226,30.527614319476800,114.31220031481400,武南一村,暂无数据,520,
武汉市,武昌,武昌-武昌火车站-南安街11号,30.531063,114.324049,30.52767917803920,114.31202295579600,紫阳村小区,暂无数据,暂无数据,
武汉市,武昌,武昌-武昌火车站-南安街13号,30.530443,114.324454,30.527052674999500,114.31242849030500,站前阳光,13143m²,138,
武汉市,武昌,武昌-武昌火车站-张之洞路245号,30.539405,114.31721,30.5361152445,114.3051787661,化研大院,暂无数据,暂无数据,
武汉市,武昌,武昌-武昌火车站-张之洞路280号,30.538423639763,114.31933815332,30.535108029791100,114.30730879338300,欣隆紫阳苑,29160m²,294,
武汉市,武昌,武昌-武昌火车站-张之洞路284号,30.538160884454,114.31942591777,30.534844151702700,114.30739646692000,江零南苑,暂无数据,暂无数据,
武汉市,武昌,武昌-武昌火车站-梅苑路28附9号,30.53827830405,114.33131220645,30.53476390863720,114.31931085156100,方海公寓,暂无数据,196,
武汉市,武昌,武昌-武昌火车站-梅苑路32号,30.537194850108,114.33054074167,30.53369528709970,114.3185362025560,红鑫佳园,暂无数据,暂无数据,
武汉市,武昌,武昌-武昌火车站-武珞路,30.541907,114.331448,30.538389723,114.3194502205,佳兆业广场天御,暂无数据,暂无数据,
武汉市,武昌,武昌-武昌火车站-武珞路230号,30.541818942973,114.33265499352,30.5382782754,114.3206607935,绿州广场,50000m²,暂无数据,
武汉市,武昌,武昌-武昌火车站-武珞路272号,30.545279752039,114.32584422081,30.541864809443500,114.3138340253610,大东门农行宿舍,暂无数据,暂无数据,
武汉市,武昌,武昌-武昌火车站-武珞路389号,30.543598,114.334659,30.540017796502600,114.32267263092500,武汉二师教工宿舍,暂无数据,暂无数据,
武汉市,武昌,武昌-武昌火车站-武珞路391号,30.542990988359,114.33596462051,30.53938492546900,114.32398180275400,湖北省实验幼儿师范学校-教工住宅,暂无数据,暂无数据,
武汉市,武昌,武昌-武昌火车站-武珞路421号,30.541321,114.336326,30.53770787078260,114.32434281444800,帝斯曼国际中心,暂无数据,暂无数据,
武汉市,武昌,武昌-武昌火车站-武珞路二巷,30.54007,114.326969,30.53663585195100,114.31495695568200,武汉铁路大东门住宅小区,120000m²,800,
武汉市,武昌,武昌-武昌火车站-武珞路二巷,30.543759229024,114.32745775716,30.540316138792500,114.31545031179300,紫竹园小区(武珞路二巷),暂无数据,暂无数据,
武汉市,武昌,武昌-武昌火车站-武珞路五巷,30.545559594079,114.33256920535,30.54202034796330,114.32057816119100,武珞路五巷小区,暂无数据,暂无数据,
武汉市,武昌,武昌-武昌火车站-武珞路五巷88号,30.545305333632,114.3323802917,30.54176978368600,114.32038843601600,洪山坊社区(武珞路五巷),暂无数据,暂无数据,
武汉市,武昌,武昌-武昌火车站-武珞路六巷,30.547297,114.336326,30.543683466915100,114.32434828418000,奥山创意街区,暂无数据,暂无数据,
武汉市,武昌,武昌-武昌火车站-武珞路六巷,30.547297,114.336326,30.543683466915100,114.32434828418000,奥山创意街区(商住楼),暂无数据,暂无数据,
武汉市,武昌,武昌-武昌火车站-武珞路六巷,30.544121186441,114.33487964712,30.540536578797000,114.32289444952300,武珞路六巷小区,暂无数据,暂无数据,
武汉市,武昌,武昌-武昌火车站-武珞路四巷36号,30.540767643508,114.32973307519,30.5372830462,114.3177292394,吉祥人家,暂无数据,暂无数据,
武汉市,武昌,武昌-武昌火车站-紫阳东路,30.537959,114.323852,30.53457762809870,114.31183062142400,万金国际广场,暂无数据,暂无数据,
武汉市,武昌,武昌-武昌火车站-紫阳东路,30.537831,114.328854,30.5343629783,114.3168451447,武昌梅苑离职干部休养所,暂无数据,暂无数据,
武汉市,武昌,武昌-武昌火车站-紫阳东路,30.536931,114.328429,30.533470858479600,114.31641822482600,省幼师宿舍(紫阳东路),暂无数据,暂无数据,
武汉市,武昌,武昌-武昌火车站-紫阳东路4号,30.542774589095,114.3375482433,30.539137077837700,114.32557022173800,老审计厅宿舍,暂无数据,暂无数据,
武汉市,武昌,武昌-武昌火车站-老车站路,30.540912,114.325835,30.53749751244870,114.31382081500600,大东门社区,暂无数据,暂无数据,
武汉市,武昌,武昌-武昌火车站-老车站路164号,30.538884295753,114.32558065797,30.535474296546300,114.31356408288800,大东门公寓,10488m²,103,
武汉市,武昌,武昌-武昌火车站-舒家街,30.54588095655,114.33058808237,30.542379865276200,114.31859138427800,舒家街社区,暂无数据,暂无数据,
武汉市,武昌,武昌-武昌火车站-舒家街78号,30.54724,114.327318,30.543799170195800,114.31531338757800,长春小区(舒家街),暂无数据,暂无数据,
武汉市,武昌,武昌-武昌火车站-舒家街86号,30.54722766589,114.32857174583,30.54376416816460,114.31657052108500,二药宿舍大院,暂无数据,暂无数据,
武汉市,武昌,武昌-武昌火车站-车站路,30.542800871174,114.32583299199,30.539386286588400,114.31382049812800,大东门荣发小区,暂无数据,暂无数据,
武汉市,武昌,武昌-武昌火车站-静安路,30.536058738374,114.32955224629,30.532577908816900,114.31754392961400,梅苑人民银行宿舍,暂无数据,暂无数据,
武汉市,武昌,武昌-武昌火车站-静安路7号,30.529042,114.325105,30.52564109682610,114.31308020201100,凯旋名邸,187,567,
武汉市,武昌,武昌-武昌火车站-静安路9号,30.530680494104,114.32678321956,30.527250553810200,114.31476354509300,武昌城市公园,111,1023,
武汉市,武昌,武昌-武昌火车站-首义路,30.54086056578,114.31801485947,30.53756131179140,114.30598582185800,江零社区,142,520,
武汉市,武昌,武昌-武昌火车站-首义路,30.534425077934,114.31519723441,30.531156922805700,114.30316023415600,津水闸商住楼,130,450,
武汉市,武昌,武昌-武昌火车站-首义路176号,30.537589,114.31501,30.5343223429,114.302975363,武昌轻工设计院,87,110,
武汉市,武昌,武昌-武昌火车站-首义路71号,30.543393460145,114.31701163188,30.540105656116200,114.30498374077300,湖北省民主党派机关团体宿舍,123,230,
武汉市,武昌,武昌-武昌火车站-首义路85号,30.543034,114.316612,30.5397506239985,114.30458338515400,首义四巷小区,75,460,
武汉市,武昌,武昌-武昌火车站-首义路95号,30.542593258112,114.31690904539,30.539306651139100,114.30488032232600,首义名居,97,707,
武汉市,武昌,武昌-武泰闸烽火-万福林538号,30.526941,114.302491,30.52372226997640,114.29045870898900,新安万福广场,暂无数据,103,
武汉市,武昌,武昌-武泰闸烽火-万福林538号,30.525254,114.302152,30.52203476810120,114.29011973918200,白沙洲街堤东社区,暂无数据,679,
武汉市,武昌,武昌-武泰闸烽火-中山路582号,30.529213711644,114.31514719879,30.525946688153300,114.30310676205600,梅隐寺社区,暂无数据,暂无数据,
武汉市,武昌,武昌-武泰闸烽火-中山路687号,30.527621541833,114.31607622635,30.524345461197400,114.3040356538520,南大门小区,暂无数据,暂无数据,
武汉市,武昌,武昌-武泰闸烽火-保安街299号,30.530495485238,114.31199477527,30.527254223567500,114.29995407481100,卧佛庵大院,暂无数据,暂无数据,
武汉市,武昌,武昌-武泰闸烽火-南郊路,30.526434,114.301823,30.523213665718400,114.28979196362600,建和世家,暂无数据,暂无数据,
武汉市,武昌,武昌-武泰闸烽火-堤东街1号,30.520376,114.299675,30.51714869880370,114.28764760439600,鹏程中泰花园,暂无数据,暂无数据,
武汉市,武昌,武昌-武泰闸烽火-新桥巷1号,30.529537,114.309399,30.526310413990900,114.29735853677500,汇文新都D区,暂无数据,暂无数据,
武汉市,武昌,武昌-武泰闸烽火-明仑正街,30.527842,114.314787,30.52457859791320,114.30274561820500,明伦公馆,暂无数据,暂无数据,
武汉市,武昌,武昌-武泰闸烽火-明仑正街,30.527321582894,114.31371089811,30.524067776159100,114.30166876198600,明伦小区,暂无数据,暂无数据,
武汉市,武昌,武昌-武泰闸烽火-梅隐寺55号,30.52797,114.315571,30.524699014332800,114.30353019992300,梅家山综合楼,暂无数据,暂无数据,
武汉市,武昌,武昌-武泰闸烽火-武庆堤44号,30.536475469761,114.33501636922,30.532888727175100,114.32302493317300,梅花庭院,暂无数据,暂无数据,
武汉市,武昌,武昌-武泰闸烽火-武庆堤44号,30.529740514726,114.29966589146,30.526511357345700,114.28764196836400,梅花苑社区,暂无数据,暂无数据,
武汉市,武昌,武昌-武泰闸烽火-武庆堤45号,30.529462,114.300917,30.526238217242100,114.28888964693200,武庆花园,暂无数据,暂无数据,
武汉市,武昌,武昌-武泰闸烽火-武庆堤46号,30.530152063045,114.30214611298,30.526932015025800,114.29011626850300,解放桥小区,暂无数据,暂无数据,
武汉市,武昌,武昌-武泰闸烽火-武金堤327号,30.527011279559,114.31019295407,30.523781313866300,114.29815078313800,武警武泰闸小区,暂无数据,暂无数据,
武汉市,武昌,武昌-武泰闸烽火-武金堤东路,30.509647,114.284525,30.506260673300800,114.27255987174400,中大长江紫都紫境苑,130,872,15709
武汉市,武昌,武昌-武泰闸烽火-武金堤东路,30.519907,114.294752,30.516645476770700,114.28274040785100,中大长江紫都紫薇苑,160,1068,14727
武汉市,武昌,武昌-武泰闸烽火-武金堤路,30.516443,114.291689,30.51315117907420,114.27968934189100,中大长江紫都紫桂苑,80,923,15350
武汉市,武昌,武昌-武泰闸烽火-武金堤路,30.512327,114.28757,30.508984343820700,114.27558930488700,中大长江紫都紫荆苑,140,423,15683
武汉市,武昌,武昌-武泰闸烽火-武金堤路,30.511685949191,114.28672301585,30.508331555895400,114.27474650133300,观澜天地,90,512,14235
武汉市,武昌,武昌-武泰闸烽火-江民路202附13号,30.523059685151,114.30250507586,30.51984173623500,114.29047132228900,星火名苑,130,853,12465
武汉市,武昌,武昌-武泰闸烽火-江盛西路,30.520652,114.291955,30.517362019495200,114.27995443397500,中大长江紫都紫兰苑,110,1508,14789
武汉市,武昌,武昌-武泰闸烽火-江盛西路,30.517969,114.292252,30.514683002176700,114.28024998471000,中大长江紫都紫竹苑,100,2200,15762
武汉市,武昌,武昌-武泰闸烽火-江盛路106号,30.514166,114.300685,30.51094490625060,114.28865507730200,列电新村,85,340,13013
武汉市,武昌,武昌-武泰闸烽火-江盛路8号,30.513542,114.298156,30.51030833941610,114.28613326333300,烽火尚品虹城,125,1800,13452
武汉市,武昌,武昌-武泰闸烽火-津水路,30.530614,114.313153,30.527364223719800,114.3011124944500,起义门社区,暂无数据,暂无数据,
武汉市,武昌,武昌-武泰闸烽火-津水路6号,30.529853200751,114.31585883642,30.52657902226900,114.3038192806780,白鳍豚大厦,21333m²,250,
武汉市,武昌,武昌-武泰闸烽火-白沙洲大道,30.518983,114.30517,30.515768542377500,114.29313061370100,星苑社区,暂无数据,暂无数据,
武汉市,武昌,武昌-武泰闸烽火-白沙洲大道,30.518543267406,114.3050403635,30.515328963513200,114.2930011554290,枫香苑,暂无数据,暂无数据,
武汉市,武昌,武昌-武泰闸烽火-白沙洲大道,30.516926,114.307897,30.51370764314480,114.2958541884930,武昌区检察院德福苑,暂无数据,暂无数据,
武汉市,武昌,武昌-武泰闸烽火-白沙洲大道,30.52525940792,114.31096316122,30.522025526899500,114.29891999331000,武泰闸司法宿舍,暂无数据,暂无数据,
武汉市,武昌,武昌-武泰闸烽火-白沙洲大道252号,30.511996,114.305604,30.508783492110300,114.2935647707970,汇东佳韵,26300m²,暂无数据,
武汉市,武昌,武昌-武泰闸烽火-白沙洲大道288号,30.514076,114.307336,30.510860037961800,114.2952940789560,新鑫佳苑,140000m²,暂无数据,
武汉市,武昌,武昌-武泰闸烽火-白沙洲大道336号,30.513496092833,114.30936130283,30.510273477126600,114.29731780908900,平安别墅,暂无数据,暂无数据,
武汉市,武昌,武昌-武泰闸烽火-白沙洲大道505号,30.518517,114.303839,30.515302261877700,114.29180185177000,武泰闸城市花园小区,暂无数据,暂无数据,
武汉市,武昌,武昌-武泰闸烽火-白沙洲大道555号,30.526241349668,114.30862945333,30.523018386741400,114.29658787190800,九龙涺,暂无数据,暂无数据,
武汉市,武昌,武昌-武泰闸烽火-白沙洲大道557号,30.526201686447,114.30739796631,30.52298250088860,114.29535749007200,世纪新长江,暂无数据,133,
武汉市,武昌,武昌-武泰闸烽火-起义街55号,30.530108178873,114.31289071734,30.52686050308270,114.30084985441700,起义街55社区,暂无数据,暂无数据,
武汉市,武昌,武昌-武泰闸烽火-巡司河街,30.526395258369,114.31297590454,30.523147515679100,114.30093314668700,武泰闸检察院宿舍,暂无数据,暂无数据,
武汉市,武昌,武昌-武泰闸烽火-巡司河街17号,30.531065,114.308148,30.52784294152450,114.29610937656800,汇文新都B区,暂无数据,暂无数据,
武汉市,武昌,武昌-武泰闸烽火-巡司河街21附93号,30.528426,114.311001,30.525191350175500,114.2989592591520,汇文新都C区,暂无数据,暂无数据,
武汉市,武昌,武昌-武泰闸烽火-钢厂路,30.522572,114.311708,30.519334054349400,114.2996638552630,涂家沟,暂无数据,暂无数据,
武汉市,武昌,武昌-水果湖-东一路,30.55006603507,114.34952813541,30.54620803949220,114.33759025761800,东一路小区,暂无数据,暂无数据,
武汉市,武昌,武昌-水果湖-东一路,30.545969597352,114.35036921886,30.542098844265500,114.33842935289400,水果湖统计局宿舍,暂无数据,暂无数据,
武汉市,武昌,武昌-水果湖-东一路19号,30.547619,114.348973,30.54377002977820,114.33703166205100,水果湖发改委宿舍,暂无数据,暂无数据,
武汉市,武昌,武昌-水果湖-东一路30号,30.549300021875,114.34909254707,30.54544901074270,114.33715301712800,就业小区,暂无数据,暂无数据,
武汉市,武昌,武昌-水果湖-东三路,30.544883,114.35172,30.540992316657700,114.33978174325700,南苑村,暂无数据,暂无数据,
武汉市,武昌,武昌-水果湖-东三路,30.545163,114.354156,30.54123944556200,114.34222194183300,小洪山西区,暂无数据,暂无数据,
武汉市,武昌,武昌-水果湖-东三路17号,30.54843805535,114.35522554827,30.54450126267900,114.34329590661400,东三苑,暂无数据,暂无数据,
武汉市,武昌,武昌-水果湖-东三路20号,30.549717,114.352465,30.545815479279400,114.34053250660900,张家湾小区,暂无数据,暂无数据,
武汉市,武昌,武昌-水果湖-东三路5号,30.549359,114.354974,30.5454251208,114.343044892,水果湖第一小学教师宿舍,暂无数据,暂无数据,
武汉市,武昌,武昌-水果湖-东湖路,30.556785494283,114.34839627046,30.552945086846200,114.33646152386900,湖北质量监督局宿舍,暂无数据,暂无数据,
武汉市,武昌,武昌-水果湖-东湖路10号,30.554499,114.350829,30.55062062413940,114.33889766732900,水果湖广场,暂无数据,暂无数据,
武汉市,武昌,武昌-水果湖-东湖路17号,30.556535,114.349379,30.552678752102500,114.3374462807200,水果湖建材设计院小区,暂无数据,暂无数据,
武汉市,武昌,武昌-水果湖-东湖路56号,30.556265,114.351734,30.552373174296500,114.33980580804600,同心大厦,暂无数据,暂无数据,
武汉市,武昌,武昌-水果湖-东湖路78号,30.556503,114.353667,30.55258474043840,114.34174220329500,水果湖农委宿舍,暂无数据,暂无数据,
武汉市,武昌,武昌-水果湖-东湖路80-8号,30.557063,114.354065,30.553139577539300,114.3421412128050,天永公寓,19000m²,暂无数据,
武汉市,武昌,武昌-水果湖-东湖路80号,30.556843803993,114.35343774065,30.55292849400760,114.34151286042500,水果湖水产局宿舍,暂无数据,暂无数据,
武汉市,武昌,武昌-水果湖-东湖路86号,30.556214,114.354367,30.552286890908400,114.34244297678700,水果湖长城嘉苑,暂无数据,暂无数据,
武汉市,武昌,武昌-水果湖-东湖路88号,30.556803453677,114.35478178535,30.55287119028690,114.34285876912500,广苑大厦,暂无数据,暂无数据,
武汉市,武昌,武昌-水果湖-东湖路89号,30.557584,114.351075,30.55370161702680,114.33914657783200,水果湖一中宿舍,暂无数据,暂无数据,
武汉市,武昌,武昌-水果湖-东湖路91号,30.557738,114.352089,30.5538409472,114.340162568,红军村楚苑,暂无数据,暂无数据,
武汉市,武昌,武昌-水果湖-东湖路93-95号,30.558001127795,114.35146973294,30.55411290529000,114.3395423691280,红军村,暂无数据,暂无数据,
武汉市,武昌,武昌-水果湖-中北路66号,30.557639533632,114.34714546987,30.553819996572300,114.33520835490300,津津花园,暂无数据,暂无数据,
武汉市,武昌,武昌-水果湖-中北路97号,30.556184,114.346795,30.5523706609,114.3348558933,宏城金都,暂无数据,暂无数据,
武汉市,武昌,武昌-水果湖-中南三路21号,30.54722,114.343287,30.5434707422,114.3313305554,湖北省监狱管理局宿舍,暂无数据,暂无数据,
武汉市,武昌,武昌-水果湖-中南三路36号,30.545991,114.344031,30.542227988899500,114.33207554005900,百合营小区,暂无数据,暂无数据,
武汉市,武昌,武昌-水果湖-中南三路47-51号,30.545796592201,114.34554172505,30.5420061459548,114.33359023341400,新南方小区,15000m²,500,
武汉市,武昌,武昌-水果湖-中南三路52号,30.544849995812,114.34570863021,30.541056638382000,114.33375670819700,博雅中南,37331m²,330,
武汉市,武昌,武昌-水果湖-中南路18号,30.546041,114.341024,30.5423349624,114.3290597646,中南汇荟世界,暂无数据,暂无数据,
武汉市,武昌,武昌-水果湖-中南路18号,30.544521,114.341555,30.540804816579600,114.32959096404200,建设厅社区,暂无数据,暂无数据,
武汉市,武昌,武昌-水果湖-中南路21号,30.547147,114.341993,30.543422241170900,114.33003269759400,中南建筑设计院路东生活区,暂无数据,暂无数据,
武汉市,武昌,武昌-水果湖-中南路2号,30.541287,114.339071,30.53761946201100,114.32709640967000,中建广场,暂无数据,暂无数据,
武汉市,武昌,武昌-水果湖-付家坡一路23号,30.542572,114.342019,30.538847050681500,114.33005456626100,下徐家湾小区,暂无数据,暂无数据,
武汉市,武昌,武昌-水果湖-八一路,30.549804788869,114.34418025321,30.546038756913800,114.3322287128630,省委铁路局机关小区,暂无数据,暂无数据,
武汉市,武昌,武昌-水果湖-八一路115-2号,30.543828,114.352759,30.539922847831700,114.34082157780700,中科院武汉分院西区,暂无数据,暂无数据,
武汉市,武昌,武昌-水果湖-八一路159号,30.541357,114.360639,30.537369438624200,114.34870640555900,小洪山东区,暂无数据,暂无数据,
武汉市,武昌,武昌-水果湖-八一路26号,30.546261,114.346499,30.54245363669900,114.33455044391000,武铁洪山住宅小区,暂无数据,暂无数据,
武汉市,武昌,武昌-水果湖-八一路87号,30.54457,114.350891,30.540691470497200,114.3389508845070,银海华庭,132480m²,930,
武汉市,武昌,武昌-水果湖-南苑村55号,30.546190810225,114.35251536055,30.542288842056900,114.34057971307900,湖北省科学技术厅住宅小区,暂无数据,暂无数据,
武汉市,武昌,武昌-水果湖-天鹅路48号,30.544922,114.356278,30.5409735288,114.3443462672,星星新城,暂无数据,暂无数据,
武汉市,武昌,武昌-水果湖-惠明路14-3号,30.554345862054,114.35364039837,30.55042818039650,114.34171382654900,放鹰台社区,暂无数据,暂无数据,
武汉市,武昌,武昌-水果湖-放鹰台2号,30.555391,114.359675,30.5514096053,114.3477547926,放鹰台2号小区,暂无数据,暂无数据,
武汉市,武昌,武昌-水果湖-水果湖横路9号,30.552816308018,114.34955598288,30.54895764480910,114.33762059528900,银河楼,暂无数据,暂无数据,
武汉市,武昌,武昌-水果湖-水果湖路,30.553339,114.352322,30.549439161832500,114.34039245579500,水果湖邮局宿舍,暂无数据,暂无数据,
武汉市,武昌,武昌-水果湖-水果湖路37号,30.553870896653,114.35275907083,30.54996498482790,114.34083071494900,舒心苑(鹰台路步行街),暂无数据,暂无数据,
武汉市,武昌,武昌-水果湖-洪山一巷1号,30.540439,114.340013,30.53675302337520,114.3280405763040,湖北省建设银行宿舍,暂无数据,暂无数据,
武汉市,武昌,武昌-水果湖-洪山二巷,30.540145334126,114.34057346676,30.53644844379440,114.32860250457600,中南大公馆,41032m²,470,
武汉市,武昌,武昌-水果湖-洪山侧路,30.546301,114.35769,30.542337890625200,114.34576075030300,洪山老干局宿舍,暂无数据,暂无数据,
武汉市,武昌,武昌-水果湖-洪山侧路18号,30.547353,114.353881,30.5434327881,114.3419485753,湖北省印刷厂宿舍,暂无数据,暂无数据,
武汉市,武昌,武昌-水果湖-洪山侧路45-49号,30.547567994704,114.35560418405,30.543626872248900,114.34367418275400,省审计厅刘家湾宿舍,暂无数据,暂无数据,
武汉市,武昌,武昌-水果湖-洪山侧路52号,30.545108456274,114.35925193323,30.54113133439090,114.3473224381320,银海山庄,300000m²,暂无数据,
武汉市,武昌,武昌-水果湖-洪山路4-1号,30.550794643864,114.3472240716,30.546974453104700,114.33528148570200,洪山路社区(洪山路),暂无数据,暂无数据,
武汉市,武昌,武昌-水果湖-洪山路62号,30.55120586882,114.35660480655,30.54725343289680,114.3446791408090,桃山村(洪山路),暂无数据,暂无数据,
武汉市,武昌,武昌-水果湖-洪山路70号,30.551760774805,114.35911754673,30.547784298569800,114.34719406963800,水果湖社区,暂无数据,暂无数据,
武汉市,武昌,武昌-水果湖-珞狮北路,30.542705229257,114.36061924405,30.538717715476000,114.34868786687800,湖北省自动化研究所宿舍,暂无数据,暂无数据,
武汉市,武昌,武昌-水果湖-白鹭街38-2号,30.556117,114.357185,30.5521580706,114.3452639814,双湖桥住宅小区,暂无数据,暂无数据,
武汉市,武昌,武昌-水果湖-白鹭街38-2号,30.556066416031,114.35718969327,30.552107444757400,114.34526863859000,双湖桥小区,暂无数据,暂无数据,
武汉市,武昌,武昌-水果湖-科技小路6号,30.544325919217,114.36037966597,30.540340023828200,114.34844974713400,振兴苑小区,暂无数据,暂无数据,
武汉市,武昌,武昌-积玉桥-一马路,30.5622,114.313198,30.558946800465300,114.30118307976100,地铁凤凰苑,暂无数据,暂无数据,
武汉市,武昌,武昌-积玉桥-下新河后街,30.578035,114.322137,30.57467349941630,114.31013557062900,下新河小区,暂无数据,暂无数据,
武汉市,武昌,武昌-积玉桥-中山路,30.561627,114.310808,30.558390182311600,114.29879278705300,中山社区,暂无数据,300,
武汉市,武昌,武昌-积玉桥-中山路,30.560830316074,114.31960737548,30.557509152635100,114.30759740423400,中山路汽配城宿舍,暂无数据,暂无数据,
武汉市,武昌,武昌-积玉桥-中山路179号,30.560936,114.316647,30.55765053725950,114.30463340665800,万源昌花园,暂无数据,暂无数据,
武汉市,武昌,武昌-积玉桥-中山路191号,30.561661,114.318045,30.558359408392800,114.30603338614600,凤凰世纪家园,50000m²,230,
武汉市,武昌,武昌-积玉桥-中山路99号,30.561462,114.312312,30.558215573157800,114.30029651249400,汉宫银座,暂无数据,暂无数据,
武汉市,武昌,武昌-积玉桥-中山路99号,30.563143,114.309776,30.559911308180100,114.2977620642180,金都汉宫,170,1200,
武汉市,武昌,武昌-积玉桥-临江大道168号,30.57699,114.318019,30.5736845998,114.3060111512,联投中心,暂无数据,暂无数据,
武汉市,武昌,武昌-积玉桥-临江大道169号,30.575821578561,114.32068839633,30.572481893842100,114.30868461473200,上新河社区,暂无数据,暂无数据,
武汉市,武昌,武昌-积玉桥-临江大道289号,30.578201358185,114.3214436916,30.574850009145500,114.30944091382900,华康里小区,暂无数据,暂无数据,
武汉市,武昌,武昌-积玉桥-临江大道297号,30.57881798012,114.32209128005,30.5754568490429,114.31008959196100,华新里小区,10000m²,450,
武汉市,武昌,武昌-积玉桥-临江大道297号,30.578705040586,114.32403674029,30.575313705297800,114.31203915424,鄂电小区,暂无数据,暂无数据,
武汉市,武昌,武昌-积玉桥-临江大道387号,30.580922,114.320931,30.57757686079580,114.30892655006500,新河社区船院小区,暂无数据,暂无数据,
武汉市,武昌,武昌-积玉桥-临江大道76号,30.565468,114.312002,30.56222297286740,114.29998861522200,蓝湾俊园,200000m²,1200,
武汉市,武昌,武昌-积玉桥-临江大道85附160号,30.574127418732,114.31777429326,30.570825954355800,114.30576633753100,江南明珠园,42000m²,2350,
武汉市,武昌,武昌-积玉桥-临江大道88号,30.568117826797,114.31413678476,30.564855568273600,114.30212486000100,锦江国际城,142699m²,840,
武汉市,武昌,武昌-积玉桥-临江大道88附17号,30.567855,114.312792,30.564603754569200,114.30077958792000,锦坤公寓楼,暂无数据,252,
武汉市,武昌,武昌-积玉桥-临江大道96号,30.570013,114.313916,30.566752151635200,114.30190449319400,积玉桥万达SOHO,612500m²,2824,
武汉市,武昌,武昌-积玉桥-公平路10号,30.562018688688,114.32043399621,30.55868616499240,114.30842606795700,武昌人民法院宿舍,10000m²,300,
武汉市,武昌,武昌-积玉桥-公平路10号,30.562054,114.321476,30.5587067064,114.309469923,武昌区人民法院宿舍,10000m²,300,
武汉市,武昌,武昌-积玉桥-公平路14号,30.562443314929,114.32077607095,30.559105953886100,114.30876896882100,武昌公安分局住宅小区,暂无数据,暂无数据,
武汉市,武昌,武昌-积玉桥-公平路45号,30.565025,114.320223,30.561694802888600,114.30821630079300,尚隆地球村,173800m²,2600,
武汉市,武昌,武昌-积玉桥-公平路6号,30.561318,114.320355,30.557986682091900,114.30834652007100,湖北省标准化研究院,暂无数据,暂无数据,
武汉市,武昌,武昌-积玉桥-前进路72号,30.566982313791,114.31863028858,30.563672495219100,114.30662203150900,同昌花园,暂无数据,暂无数据,
武汉市,武昌,武昌-积玉桥-友谊大道,30.560881,114.323654,30.557500718858200,114.31165160200700,尚隆苑社区,暂无数据,暂无数据,
武汉市,武昌,武昌-积玉桥-友谊大道15号,30.563619,114.322794,30.560251702,114.3107913598,友谊国际D公馆,暂无数据,暂无数据,
武汉市,武昌,武昌-积玉桥-友谊大道15号,30.563619,114.322794,30.56025170201610,114.31079135983800,友谊大道15号,暂无数据,暂无数据,
武汉市,武昌,武昌-积玉桥-友谊大道194号,30.567935299837,114.32441852013,30.56454126258940,114.31242124966200,阳光水岸(友谊大道),39500m²,336,
武汉市,武昌,武昌-积玉桥-友谊大道特1号,30.565246,114.32267,30.561880278607800,114.31066789762400,友谊国际,88224m²,654,
武汉市,武昌,武昌-积玉桥-和平大道,30.562458,114.312543,30.55920973830520,114.30052811566100,武昌积玉桥街汉安里社区,暂无数据,137,
武汉市,武昌,武昌-积玉桥-和平大道,30.597373,114.339782,30.593674894982800,114.32781790636500,水运宿舍,暂无数据,暂无数据,
武汉市,武昌,武昌-积玉桥-和平大道,30.564835242547,114.31354929295,30.561578711768200,114.30153585341600,汉成里社区,暂无数据,暂无数据,
武汉市,武昌,武昌-积玉桥-和平大道,30.562692,114.314784,30.559425059839900,114.3027700126210,积玉新城,暂无数据,暂无数据,
武汉市,武昌,武昌-积玉桥-和平大道,30.561757319497,114.31379075747,30.55849935355530,114.30177575842000,积玉桥省建行学校宿舍,10000m²,300,
武汉市,武昌,武昌-积玉桥-和平大道,30.5638875121,114.31341113356,30.56063229758930,114.30139718876300,金域雅庭,9050m²,98,
武汉市,武昌,武昌-积玉桥-和平大道108号,30.565156540559,114.31538911247,30.56188333164590,114.30337676453400,城开玉桥新都,12500m²,886,
武汉市,武昌,武昌-积玉桥-和平大道157号,30.567131570734,114.3148414156,30.56386317553720,114.3028295205140,临江府,30000m²,150,
武汉市,武昌,武昌-积玉桥-和平大道18号,30.562582239291,114.31484482916,30.5593147510767,114.30283081579100,华润置地凤凰城,暂无数据,暂无数据,
武汉市,武昌,武昌-积玉桥-和平大道27号,30.562162900117,114.31318197583,30.558909833554000,114.30116703023600,兴松园社区,暂无数据,300,
武汉市,武昌,武昌-积玉桥-和平大道300号,30.568281,114.317421,30.56498537061530,114.30541169750200,金地国际花园(别墅),暂无数据,暂无数据,
武汉市,武昌,武昌-积玉桥-和平大道431号,30.579746,114.322101,30.57638433965140,114.31009908828800,鄂电村社区,12000m²,1000,
武汉市,武昌,武昌-积玉桥-和平大道508号,30.573275,114.320185,30.56994313825570,114.30818040892500,欧林湾,71345m²,494,
武汉市,武昌,武昌-积玉桥-和平大道7号,30.561661,114.310926,30.558423496399800,114.29891077563600,武昌积玉桥街中山社区,暂无数据,暂无数据,
武汉市,武昌,武昌-积玉桥-和平大道840号,30.587877738504,114.33069974175,30.58436377833970,114.31871549268900,绿地国际金融城,377490m²,1911,
武汉市,武昌,武昌-积玉桥-尚隆路18号,30.56361363173,114.31796967471,30.560312593152700,114.30595906450200,友谊国际百老汇,暂无数据,暂无数据,
武汉市,武昌,武昌-积玉桥-新生路,30.572824617086,114.32180490025,30.5694699066072,114.30980313661000,幸福里社区,暂无数据,暂无数据,
武汉市,武昌,武昌-积玉桥-新生路25号,30.573348,114.321917,30.569991464065700,114.30991548417100,新生里社区(新生路),暂无数据,暂无数据,
武汉市,武昌,武昌-积玉桥-沙湖苑路18号,30.562552,114.319161,30.559236366911700,114.30715139840600,友谊国际沙湖苑,暂无数据,暂无数据,
武汉市,武昌,武昌-积玉桥-湖滨街79号,30.569193935893,114.32029296225,30.565861798590400,114.30828789402500,康平苑小区,暂无数据,暂无数据,
武汉市,武昌,武昌-积玉桥-积玉路,30.566343615836,114.31917538036,30.563027034983700,114.30716763699600,嘉景花园,9149m²,92,
武汉市,武昌,武昌-积玉桥-积玉路,30.567243,114.320176,30.56391294993600,114.30817013334100,四清里社区,15000m²,500,
武汉市,武昌,武昌-积玉桥-积玉路,30.566973402522,114.31943428548,30.563653316865600,114.30742716507900,武印二村,暂无数据,暂无数据,
武汉市,武昌,武昌-积玉桥-积玉路,30.563947,114.317362,30.560653013358200,114.3053508562000,积玉小区,暂无数据,暂无数据,
武汉市,武昌,武昌-积玉桥-积玉路,30.563986320297,114.31717305738,30.56069447824910,114.30516172889000,积玉桥电信小区,暂无数据,暂无数据,
武汉市,武昌,武昌-阅马场首义-临江大道14号,30.548063984664,114.29991148819,30.54483437927400,114.28790186801600,江畔新城,15500m²,188,
武汉市,武昌,武昌-阅马场首义-临江大道7号,30.54469,114.298389,30.54145255881970,114.2863806145020,武汉生物研究所宿舍,暂无数据,暂无数据,
武汉市,武昌,武昌-阅马场首义-九龙井正街,30.547747,114.31014,30.544515287788500,114.29811394266300,西厂口社区,暂无数据,暂无数据,
武汉市,武昌,武昌-阅马场首义-九龙井正街11号,30.548287758573,114.31055784577,30.545053802360200,114.29853212239500,九龙井小区,暂无数据,暂无数据,
武汉市,武昌,武昌-阅马场首义-体育街,30.542787,114.31015,30.539555570928200,114.2981193872460,首义大院,暂无数据,暂无数据,
武汉市,武昌,武昌-阅马场首义-体育街特1号,30.542675,114.310521,30.539441624697800,114.29849014160800,兴华苑小区(体育街),暂无数据,暂无数据,
武汉市,武昌,武昌-阅马场首义-保安街1号,30.534898,114.304676,30.53168079648750,114.29264445742100,华天明珠花园张公苑,暂无数据,暂无数据,
武汉市,武昌,武昌-阅马场首义-保望堤,30.533545,114.304534,30.530327908861800,114.29250170135500,保望堤社区,暂无数据,暂无数据,
武汉市,武昌,武昌-阅马场首义-吉祥巷14号,30.548034,114.303499,30.544814980595900,114.29148104821200,湖北省林业局宿舍,暂无数据,暂无数据,
武汉市,武昌,武昌-阅马场首义-后长街,30.549517028466,114.30680571349,30.546296853226100,114.2947839633540,先贤苑,暂无数据,暂无数据,
武汉市,武昌,武昌-阅马场首义-后长街,30.545931886143,114.30581003166,30.542713381744100,114.29378629073700,后长社区,暂无数据,暂无数据,
武汉市,武昌,武昌-阅马场首义-后长街,30.546518,114.306297,30.543298881094200,114.29427313921100,彭刘杨路机电宿舍,暂无数据,暂无数据,
武汉市,武昌,武昌-阅马场首义-后长街,30.548211249415,114.30662892696,30.544991490880000,114.29460620204800,繁花里,暂无数据,暂无数据,
武汉市,武昌,武昌-阅马场首义-商家巷,30.543201944125,114.3074799816,30.539980700649700,114.29545169668200,商家巷社区,暂无数据,暂无数据,
武汉市,武昌,武昌-阅马场首义-复兴路,30.543196112328,114.30832870065,30.539972359321000,114.29629961581000,全福宫,暂无数据,暂无数据,
武汉市,武昌,武昌-阅马场首义-复兴路,30.538997126585,114.30675594736,30.535777779419900,114.29472474286100,歌笛湖社区,暂无数据,暂无数据,
武汉市,武昌,武昌-阅马场首义-复兴路,30.537546,114.306195,30.53432766051280,114.29416328372700,首义新天地,暂无数据,暂无数据,
武汉市,武昌,武昌-阅马场首义-复兴路152号,30.544228568175,114.30756397317,30.541007038512900,114.29553654053600,首义师苑,暂无数据,暂无数据,
武汉市,武昌,武昌-阅马场首义-复兴路48号,30.538338,114.30855,30.535113832458200,114.2965164552960,工行宿舍家属院,暂无数据,暂无数据,
武汉市,武昌,武昌-阅马场首义-复兴路53号,30.537014,114.307273,30.5337937287,114.2952395542,海达广场,暂无数据,暂无数据,
武汉市,武昌,武昌-阅马场首义-复兴路55号,30.537719743193,114.30543822301,30.534502110397700,114.29340771563400,紫笛苑小区,暂无数据,暂无数据,
武汉市,武昌,武昌-阅马场首义-大成路,30.549146,114.302526,30.545925221250000,114.29051104031700,乃园社区,暂无数据,暂无数据,
武汉市,武昌,武昌-阅马场首义-大成路,30.549007050537,114.30174933143,30.5457843006,114.2897359725,彭刘杨商住楼,暂无数据,暂无数据,
武汉市,武昌,武昌-阅马场首义-大成路,30.550333,114.301214,30.54710845576580,114.28920310400300,政通体苑,暂无数据,暂无数据,
武汉市,武昌,武昌-阅马场首义-大成路,30.548234808644,114.30227663677,30.545013521287600,114.29026138693700,清风巷小区,暂无数据,暂无数据,
武汉市,武昌,武昌-阅马场首义-大成路,30.549587,114.30037,30.54635930234850,114.28836055225700,黄鹤楼道小区,暂无数据,暂无数据,
武汉市,武昌,武昌-阅马场首义-大成路1号,30.549081304238,114.30191048744,30.54585900649510,114.28989682694800,黄鹤楼街大成社区,暂无数据,暂无数据,
武汉市,武昌,武昌-阅马场首义-大成路29号,30.549682096211,114.3029859388,30.546462183064400,114.2909705035180,黄鹤世家,30000m²,暂无数据,
武汉市,武昌,武昌-阅马场首义-广里堤54号,30.53364844183,114.30566270956,30.53043104175660,114.293628714012,广里堤,暂无数据,暂无数据,
武汉市,武昌,武昌-阅马场首义-张之洞路222号,30.532845592428,114.30999218279,30.529615811649100,114.29795349356200,武昌区园林小区,暂无数据,暂无数据,
武汉市,武昌,武昌-阅马场首义-彭刘杨路,30.548612,114.303565,30.545393020827100,114.2915474497860,彭刘杨社区,暂无数据,暂无数据,
武汉市,武昌,武昌-阅马场首义-彭刘杨路,30.546186144933,114.30294515573,30.542966406249600,114.29092660563900,汉飞又一城,76310m²,1416,
武汉市,武昌,武昌-阅马场首义-彭刘杨路,30.545423431006,114.30290916512,30.54220367821210,114.29088998618300,阅马场实验小学宿舍,暂无数据,暂无数据,
武汉市,武昌,武昌-阅马场首义-彭刘杨路241号,30.546206,114.310464,30.542972697174300,114.29843639736500,武汉市第三医院宿舍楼,暂无数据,暂无数据,
武汉市,武昌,武昌-阅马场首义-彭刘杨路251号,30.545698,114.307074,30.54247754677660,114.29504844211200,湖北省水产局职工小区,暂无数据,暂无数据,
武汉市,武昌,武昌-阅马场首义-文明路123号,30.546264,114.302669,30.543043725673400,114.29065109544400,湖北省检察院宿舍,暂无数据,暂无数据,
武汉市,武昌,武昌-阅马场首义-楚善街,30.542688,114.314007,30.5394300538216,114.30197628285700,武昌区首义新村,暂无数据,暂无数据,
武汉市,武昌,武昌-阅马场首义-武珞路28号,30.5458,114.313837,30.542543299123600,114.30180906536300,云鹤大厦,暂无数据,暂无数据,
武汉市,武昌,武昌-阅马场首义-武珞路28号,30.545810277114,114.31478284608,30.542545165888100,114.30275537401100,美联首义尚景,暂无数据,暂无数据,
武汉市,武昌,武昌-阅马场首义-武珞路36号,30.545737809257,114.31605260092,30.542460195270800,114.30402596359100,顺民大厦,32823m²,246,
武汉市,武昌,武昌-阅马场首义-水陆街,30.535562,114.30783,30.5323404028,114.2957948367,水陆街社区,暂无数据,暂无数据,
武汉市,武昌,武昌-阅马场首义-水陆街,30.535562,114.30783,30.53234040284550,114.29579483666800,水陆街社区(复兴路),暂无数据,暂无数据,
武汉市,武昌,武昌-阅马场首义-湖滨村2号,30.534347157983,114.30924551125,30.531120639863200,114.29720830618600,湖滨村小区,暂无数据,暂无数据,
武汉市,武昌,武昌-阅马场首义-烈士街,30.543572,114.309339,30.54034433725580,114.29730952421400,新宇佳苑(烈士街),暂无数据,暂无数据,
武汉市,武昌,武昌-阅马场首义-烈士街30号,30.540731,114.310108,30.537499927256000,114.29807556356400,五库村大院,暂无数据,暂无数据,
武汉市,武昌,武昌-阅马场首义-紫阳路139号,30.540686696083,114.30875126356,30.53746161068110,114.29671959101900,紫阳金利屋,50000m²,412,
武汉市,武昌,武昌-阅马场首义-紫阳路169号,30.541232,114.313723,30.537976568415500,114.3016908654700,首义小区(张之洞路),960m²,10200,
武汉市,武昌,武昌-阅马场首义-紫阳路232号,30.538898214933,114.31384977615,30.535641888344300,114.30181565267100,紫阳街工程营社区,暂无数据,暂无数据,
武汉市,武昌,武昌-阅马场首义-花堤街,30.544706613716,114.30014747305,30.541478298097400,114.28813413342200,花堤街社区,暂无数据,暂无数据,
武汉市,武昌,武昌-阅马场首义-解放路,30.535503,114.303179,30.53228445537360,114.29115065932700,华天明珠紫阳府,暂无数据,暂无数据,
武汉市,武昌,武昌-阅马场首义-解放路,30.533548591495,114.30136368888,30.530325846072600,114.28933787496900,解放桥公寓,暂无数据,暂无数据,
武汉市,武昌,武昌-阅马场首义-解放路165号,30.538809723132,114.30299590999,30.535590588000200,114.29097062981200,紫阳街解放路社区,暂无数据,暂无数据,
武汉市,武昌,武昌-阅马场首义-解放路173号,30.539603580319,114.30334633897,30.536384936254600,114.29132104002600,天心小区,暂无数据,暂无数据,
武汉市,武昌,武昌-阅马场首义-解放路229号,30.540353419031,114.30332459998,30.53713468834910,114.29129999720400,紫阳之星,暂无数据,270,
武汉市,武昌,武昌-阅马场首义-解放路255号,30.543124,114.30007,30.5398954463,114.2880554173,武汉音乐学院家属区,暂无数据,暂无数据,
武汉市,武昌,武昌-阅马场首义-解放路4号,30.534002816367,114.30306912189,30.530784245573700,114.29103987509700,望山门新都,暂无数据,暂无数据,
武汉市,武昌,武昌-阅马场首义-解放路78号,30.536689317037,114.30344497291,30.53347104618010,114.29141704461300,馨都茗苑,暂无数据,暂无数据,
武汉市,武昌,武昌-阅马场首义-读书院49号,30.543062,114.306995,30.53984189018900,114.29496711499700,城市花园3期,暂无数据,暂无数据,
武汉市,武昌,武昌-阅马场首义-读书院路,30.543742,114.306312,30.540523044898400,114.29428556777500,读书苑,暂无数据,暂无数据,
武汉市,武昌,武昌-阅马场首义-巡司河街4号,30.532264758902,114.30389915618,30.529047446244900,114.29186709153600,汇文新都A区,52506m²,106,
武汉市,武昌,武昌-阅马场首义-首义新村222号,30.545779,114.313811,30.54252252056180,114.30178303624200,景观楼,暂无数据,暂无数据,
武汉市,武昌,武昌-阅马场首义-首义路,30.536211537474,114.31478848744,30.53294708538510,114.30275260323900,武昌园林局宿舍,暂无数据,暂无数据,
武汉市,武昌,武昌-阅马场首义-首义路,30.543151,114.315285,30.5398812847,114.3032554056,长湖社区,暂无数据,暂无数据,
武汉市,武昌,武昌-阅马场首义-首义路266号,30.534508052503,114.31425994244,30.53124856524870,114.3022224726470,民政厅小区,暂无数据,暂无数据,
武汉市,武昌,武昌-阅马场首义-鲇鱼套街,30.533096,114.299431,30.529865254599700,114.28740987577700,鲇鱼套小区,暂无数据,暂无数据,
武汉市,武昌,武昌-阅马场首义-鲇鱼套街54号,30.53359828338,114.29749181247,30.530356024328100,114.28547683571100,汽渡宿舍,暂无数据,暂无数据,